label	evaluation
0	唉，明天要地理生物结业考了，我这几天情绪不太好，经常发呆，容易发怒，经常烦躁，总是莫名其妙的想哭，然后也不管在哪里，就使劲扣自己，感觉做什么都没有意思，活着累。。
1	我有明珠一颗，照破山河万朵，远观少年忧郁清冷，在靠近些就会发现他纯粹且澄澈，譬如朝露，譬如晨光，譬如初雪，干净而美好。
0	想说点啥，但又啥都说不出来，也没有一个可以倾诉的人，感觉好孤独，想了一下，如果有一个这样的朋友，那我会说些什么，好像也还是什么都说不出来，生而为人，不大乐意啊~
1	希望你在未来的日子里，依然能快乐自在地生活，永远看得见阳光。对待任何事情都能保持炙热，坚持下去！甩开烦恼，珍惜当下。愿我们都能成为最好的自己！平安喜乐，迎风奔跑吧～ ???
1	肖战演技好 肖战唱歌好听 肖战作品好看 期待肖战余生请多指教 期待肖战顾魏 期待肖战斗罗大陆?期待肖战唐三 肖战粉丝支持肖战代言支持肖战影视综艺肖战顺顺利利肖战最棒肖战好帅?肖战疾冲 狼殿下肖战
0	独来独往...似乎已经成了一种习惯白天我是精神失常，疯疯癫癫的女汉子，晚上我是躲在角落痛苦不堪的妖...
0	深夜了，我又想死了 我不知道是什么一直耗着我的生命 是白天的车水马龙 还是父母无声的付出 可是我真的太难过了 不知名的一种难过 我不知道还能撑多久 每天浑浑噩噩 我想结束了
1	肖战愿世界温柔待你，愿岁月静好如初。愿你身后总有力量，愿你身前常有太阳愿你向前繁华似锦，愿你劫后涅重生。愿一切好运都给予你
1	肖战的声音干净温暖，就如他的笑容、他的为人，喜欢肖战，遇见你是故事的开始，走到底是余生的欢喜
1	柳岩姐姐原来唱歌也很好听呀！虽然一直贴有性感的标签，但是不可否认的是她一直都很敬业一直都很努力呢，姐姐好棒！加油加油
0	因为心情原因，兼职请假又请假，经理也烦了，不过谁又能知道我因为生了病，一次次去怀疑自己，我控制不住自己啊，我能有什么办法。不是我不想去，是我去不了啊
0	不应该啊！我成绩明明那么好的！为什么？为什么？为什么啊啊啊啊啊！我不敢顶嘴，我胆小懦弱，从小到大我只是听从爸爸妈妈的意见，以至于我的成绩很好，可现在，那种痛苦，居然那么真实，不该，恨，痛，厌，这不是我，不是我，我没有这么差，你们听完解释，可，没人人会听，老师的指责，父母的责备...
1	我真的从来没有一次像现在这样对一首歌动心过哈哈哈哈哈哈哈哈哈哈真的很好玩的
0	主要是don’t move那里停顿的很诡异 其他就普通funk节奏 说不上像不像 能这样不错了[多多无语]
0	对生活没有了激情，也不想去寻找能让生活有激情的事，不屑去做，认为这种事情低俗幼稚，或者单纯就是懒得去做，做了也没有好结果，最后，一个人哀叹生活。
0	不敢在轻易付出，不想再被感情折磨，来的太晚的最爱，已经没有意义啊
0	直到所有人都在责备我的不懂事，不解我的变化，抱怨我的坏脾气，我的堕落，逼迫我独立，抛下我一个人的时候，没人懂我的喜怒哀乐，了解我的爱好，没人知道我身上的疤从何而来，没人知道我掉过的眼泪，我满手鲜血，是我对自己的惩罚，如此。才会心安吧。我可能是真的病了…
1	我们都是追梦人，在今天勇敢向未来报到，当明天幸福向我们问好，最美的风景是拥抱。
0	我默默离开，看你们欢笑嬉闹。你们不用知道我有多不舍。不会在意我要去到何方。也许连我自己也不清楚。只是我要离开。再见，再也别见
1	正能量青年演员、歌手肖战与歌手魏允熙 共同演绎的我们都是追梦人唱出了对青春美好的憧憬，肖战的歌声温暖、坚定又真诚，唱出了当代青年对于追逐梦想执着的信念。魏允熙用她富有穿透力的明亮嗓音，给予我们奋斗的力量，激励着我们奋勇向前。我们都是追梦人！
1	JUSTICE是3月19日的专辑。在这个破碎的星球有如此多的错误的时候，我们都渴望治愈和为人类伸张正义。创作这张专辑时，我的目标是创作出能给人带来安慰的音乐，创作出能让人产生共鸣的歌曲，这样他们就不会感到孤独。苦难、公和痛苦会让人感到无助。音乐是提醒彼此我们并不孤单的好方法。
1	庆幸我们打败了世界疫情，新的一年希望我们也能做到更好一起砥砺前行，也希望世界早日打败美好的生活
0	下个星期我就要去看心理医生了 我越来越觉得自己病了 好像是抑郁好像是躁郁 又像是边缘性人格障碍 有时候觉得自己像个演员 拼命地嘶吼 拼命地哭泣 拼命地大笑 没有真真切切地喜欢与讨厌 没有准确可以让我前进走下去的目标 我好累啊 希望下个星期会好点 会慢慢好起来
0	我也是这样啊 迷茫 不知道想要什么 喜欢什么 但是不能没有朋友但又不喜欢那些朋友 很烦
1	“防疫有我”“社区有我”“车站有我”“会场有我”“西部有我”“基层有我”“海外有我”……志愿者的身影总是出现在每一个有需要的地方。3月5日是学雷锋纪念日，也是中国青年志愿者服务日。半个多世纪以来，雷锋精神已经内化为每个中国人心中向上向善的力量。雷锋精神没有过时
0	活的很累但是不敢死，夜晚的时间很长足够应付难过的情绪，天一亮就又是假装快乐的一天……
1	镇魂街的bgm算是国漫里面很棒的了，动画也算是漫改里面比较成功的，不敢说什么“国漫崛起”什么的，不过只要中国的动漫人用心做，不愁没有好作品。真心期待第二季！
0	今天做梦梦到你谈恋爱了 头好痛 又是预感吗 受不了啦 真的 如果是的话 我真的受不住 真的 太伤人了 太难过了
0	其实不太喜欢这首歌，我觉得很像18年的我们，一首粤语一首国语，后者当时我常听，直到是但求其爱出来，我还记得那晚我等到十一点四十五左右困得不行，第二天十点左右醒来躺着听的。听完很难受，不知道难受什么。再后来，这两首我都极少听，也是那个时候我才发现自己终于学会了规避痛苦。
0	我对你进入我世界的最高礼仪是网易云互相关注，可是你取关了 我。或许每个人都有不同的生活方式和习惯，你的行为或许并非本意，又或者你认为这不是什么大事，但是我真的有点接受不了，我又不知道以怎样的身份表达我的难过和情绪，如果说出来你会认为我不讲理但我真的心里不舒服。
0	你之后没有我爱也可以，没有非你不可，其他人也不必再去想太多，我对你说：再见。不结婚，对我而言，不是什么困难的事
1	2020是幸福的一年，不仅有谭松韵的四个角色陪伴着我们还有治愈的歌声。每个女孩都是世间美好的存在，希望每个女孩都能不受束缚随时随地表达那些“不仅自己可见”的小秘密。
1	一想到你，所有爱意袭来，原来一提到你的名字，我都心动不止，我是个哑巴，是个笨拙的人，但我爱你，认真执着
1	绝了绝了！！！！我最喜欢的两个小姐姐居然合作了！！！！！！这是什么神仙啊？？？？是我网速慢了吗
1	这是那的鱼？//@大军1969: 回复@杜一诺:这句话说的和不适合是一样的意思，没有某些人张嘴就是做的这不好那不对[赞] //@杜一诺:[偷笑][偷笑][偷笑] //@大军1969:这句说的高 //@杜一诺: 回复@吴明明7:沸腾渔乡，望京一号真不是咱们的菜啊[挖鼻屎][偷笑] //@吴明明7:对对！这个才是正宗的！那个不算[哈哈]
1	又做嘉宾又做主持的我发现俺也是个全能型的[哈哈]日喀则的盘友有木有支一声[围观]
1	[鼓掌][good]//@莒中青良: 好对[鼓掌][鼓掌][鼓掌]//@李??:山雾误为狼烟起---败柳疑是木槿春。[悲伤]@崂山餐紫霞 @倾城鸳迩?雪妖殇 @龙啸八天 @莒中青良 [围观]
1	[哈哈][哈哈] //@王咬牙://@猫小抱:哈哈哈哈哈//@金桔派: [哈哈] //@李琼小秋里:[偷笑] //@人造天?://@汴人郭威: //@老衲法号郭怒: 哈哈哈哈哈丧心病狂！
1	【不是宾馆就一定便宜哦！】这几天，宾馆林立的重庆大厦，很多游客几乎走遍了整座大厦，都未找到房间，原来香港租房介么真难啊！平时几百元港元，这几天没有800~1000元拿不下来，而且只是宾馆哦！亲，在香港临时找不到房间咋办？别急，找香港中国旅行社试试吧！[可爱]
1	又有过年的感觉了，在南方有喜事都会放烟花。[嘻嘻]
1	[鼓掌][鼓掌]欢迎微信咨询酒店信息
1	身为 @北京跑车俱乐部 首席品牌官！怎能不喜欢保时捷911呢？完美！五十年的坚持不懈，铸就了今日的辉煌！[鼓掌]
1	[鼓掌][耶]//@冯雪cindy: @付洋Kenny @李刚Mackli @柒弥是个记忆匣子 @夏柠儿@熊丽电台@达晓呆Daphne @现代可汗@三摩地帮主 //@边疆边吃边说: [围观]
1	当英国代表团从英国女王面前经过时，女王不仅看都没看英国代表团一眼，还低着头在玩手指！[偷笑][哈哈]
1	三个罚站的，两个因为睡觉，一个因为不睡觉。[哈哈]
1	//@中国宁波网:#网友播报#[话筒]【宁波老外滩之夜】[爱你]
1	[哈哈]哇，千里送书，你们真是太有心了！！！[鼓掌]
1	[哈哈]何必帮别人调教老公这么认真//@高清电影院: 做女人要有骨气！
1	中奖的吃货小伙伴们在一起好欢乐[哈哈][哈哈]ps：为啥@仙人掌-烤肉咖啡 照的@赵老歹 比@小9佳霖 照的帅气那么多[花心][花心]
1	四年多的孕育，朱哲琴老师的最新专辑《月出》今天在北京做了试听，德国的顶级音响带领我们翻山越岭，听苗族男女柔情飞歌，听雪山群尼虔诚唱诵，听风吹草低现牛羊，听月下独酌落花香。。。首首都很震撼[抓狂][抓狂]很荣幸参与唱片的制作，祝福朱哲琴老师实现更多的梦想[爱你]
1	[鼓掌][鼓掌][鼓掌] //@Ruby_LiChang:确实是很棒的电影＜有人赞美聪慧，有人则不＞，朴实、本真、轻松、有趣，清新的感觉如同夏天洗完澡后吃口冰西瓜，还能近距离和导演交流，真好
0	别傻了，想要追求梦想要有追求梦想的资本。 
0	还是不要放弃，现在大学有电竞专业。建议你先考个大学，毕竟现在的社会是要看学历的。有时候技术也没有一个好的学历重要，因为很多机会都是在你有一个好的学历上来的 
1	总有不期而遇的好歌让我分外欣喜 我的世界很孤独 但总有一些歌能陪我好久好久. 
1	在新鲜的花终会枯萎 。谁没熬过那至暗的3年呐，高中跟梦想不冲突，只希望你不要因为压力而逃走，经历3年劫后余生吧，人生完整，更珍视自由，更敬畏梦想，加油 
0	等你长大了你会发现  真的只有知识才能改变命运  无权无势无钱的孩子  除了你的学历和专业  你真的很难发现你有别的机会  你还小  好好想想吧 
0	emmmm，其实我希望你能考虑清楚，你现在才高一，还有时间，现在好好学习，大学就会轻松很多，大学你就可以自己做选择了，你父母说的也不是没有道理，学习很重要，高中是一个很重要的阶段，慎重考虑，因为可能选择了，就无法再改变了，这是我的个人建议而已，你可以自己做选择，只要不后悔，你就走下去 
1	已经坚持的现在，苦苦就忍过去了，已经熬到现在了。你别忘了你很优秀啊，你已经在重点高中了，很多人挤破头最后却连高中都没有。且行且珍惜啊，别最后的初心忘了。你真的很优秀啊。你也是很多人羡慕的对象，你的触手可及也是别人的遥不可及，希望你能看到这个评论。如果你非要坚持你的所爱，我作为一名 
0	肥皂浮渣硬水。我又记错了烦死啦 
0	为什么要劝他辍学去打游戏呢 本来是一个不太成熟的年纪 有少年的冲动 不要说不会后悔就去 这是一定一定会后悔的 可以先把书读完再慢慢接触相关的东西去培养 但是劝人不读书 真的在毁人前途 
1	我一定要和她一直一直在一起！！！ 
0	即使一路迷惘和困惑，亦不休矣…… 容易觉得委屈 总觉得你不爱我了  
0	我有时候想不明白为什么人们总是会习惯在深夜里漫无目的的刷着手机明明很困就是不肯入睡。现在我明白了并不是梦里的世界不够好，而是自己怕醒来之后发现梦里的那个人再也不会回来。最后你明白终于有一天你会忘了她缘分一日不可增一日不可减。这个时候你开始害怕了因为你不想这么早就把关于她的梦做完。 
0	问大家一个问题，那你们这些不抽烟不喝酒的，在难过的时候都是怎么熬过来的，哈～… 
0	如果自己再勇敢，再胆大，再外向一点，是不是就又是另一种人生了，是不是就不用在去羡慕别人了，是不是就可以不让他们这么累了 
0	加油 ，好累 ，明天考试，我认为我的努力可能有结果，也不一定真的就如我所想
0	希望在我考的糟糕的时候，自己也能给自己拥抱。毕竟，跟运气有关的东西，谁有足够的把握，能控制的只有心态
0	以前 我的微信有好多人可以说话 后来 慢慢减少 直到现在不想再去认识一个人 好累 害怕他们都是带有目的的接近我 可是以前的我至少很开心 我也不知道自己在讲什么 我也想去一个没有人认识我的城市 重新开始一个人生活 我也想 可是所有的事情都已经不受掌控了 我也只能看着曾经开心的自己对我告别 
0	我可以一无所有 但我不能为了你一无所有 我得留条后路 我是女孩子 你可以一个接着一个的爱 我不行 我也做不到.
0	声音绵纯无力，节奏跟不上，发音不标准，还跑调。
0	我难过的时候求求你们别找我说话 我眼泪有点不争气 我一个人冷静冷静过一会就可以好了的……
0	原来我真的那么笨啊 会嫉妒 会羡慕 会想和它一样好 为什么不是我 我真的比它差吗 好讨厌这样的自己啊
0	首先这是《追尾》主题曲，其次，这首歌好像和李杨骁和迟明尧没啥关系，虽然歌很好听，但更像早期李杨骁唱给宋昶那个大直男的[多多捂脸]
0	喜欢归喜欢，太卑微就没必要了，我也不会一直对你着迷，真心换真心换不来就换人，我那么有趣，谁错过我都不是我的遗憾。
0	今天室友在讨论，关于恋爱，怎样才能找到一个合适的人，不说要对方救赎自己，但是也不想最终会受到伤害…… 其实这谁能决定呢，接触的过程就像买菜，就像拆盲盒，包装再好看，外表再完美，你也不知道内核怎么样。就算起初是好的，也可能“癌变”，慢慢的，一步一步，“全身溃烂”，你又能收得住手吗
0	我们2020年三月分手，如今他有了新的女朋友，官宣了。真好，我也该忘记了，可是忘记哪有那么容易
0	我长的不好看，声音难听 ，脾气暴躁，学习不好，但是我有一个令我值得特别特别特别爱的人
0	你说他渣吗 人家一直都还爱着前女友 你说他深情吗 我这段时间的感情就像个笑话
0	我迷了才发现居然这是追尾的主题曲，然后评论里全是一些莫名其妙的网抑云句子，直接满脸问号，硬是没看到讨论一句书的[西西疑问][西西疑问]
0	“人生如戏，戏如人生，很多事，不是不懂，只是无奈，这就是生活。一万句为什么，也概括不了一句“没什么”
0	我真的认定陈子岩了，他好像难过的话都是藏在心里，开心的话我不知道他开不开心，我该怎么办啊？大家看到了就支个招吧
0	嘴上说着有多喜欢，真正在一起的时候却感受不到，那么，他只是在假装喜欢你，不要骗自己，及时止损
0	删除我的人是你 说分开的人也是你 我可以继续厚着脸皮去挽留 可是你知道的 一个人的挽留毫无意义 听着你喜欢的歌 研究你的星座 既然你心里有你放不下的人 那我放过你 你对我的伤害 不必在意
0	我比你更早发现我们不合适 虽然我舍不得 我想尽办法把不合适变成合适 过程不快乐没关系 可最后还是留不住
0	如果再瘦点就好了 声音再好听一点脸小一点个子矮一点说话温柔一点就好了 这样或许他就会爱我很久
0	但凡她多理我一小会，我也不会那小号骗他我绿了她，就好像我都明白你本来没有那么爱我我却是在装一个傻子，可笑吗？可惜你以为我就是个渣男，那么恭喜你您答对了！其实我要是不爱你我会给你买那么多东西，我可能就是贱吧！！！
0	早知道这样的结局，为什么要闹得人尽皆知。你说我很好，但我让你不开心了。2021.3.4我放你走。
0	你们谁能告诉他，他很喜欢的一个女生，她不拒绝，也不接受，她好几次会跟他出来玩，出来吃好吃的，可总是有意避开他谈及感情的事情。他总是会付诸行动，做很多对她好的事，她一次次的说真的不用了，让他止在原地，心灰意冷……请问，他这样很卑微吗，他傻吗，他是自我感动吗，她到底对他是什么意思？
0	看到你的头像我就感觉我看到他了哈哈哈，我和他分手了但是我还是会偷偷的去看我和她当时分手就是因为我删了他，因为他没回我消息但是我看到他游戏在线我当时就生气了就把他删了，但是他觉得无所谓也没来找过我
0	就听得我好难受，越听越委屈，越委屈越绝望。。。我以为三年我已经痊愈了，单曲了两天我每天晚上都在哭，我到底经历了什么啊
1	看到《追尾》小说的主题曲出来了，小说其实很好看，里面主角的感情和他们的遭遇都写的很好，其实在看的时候会发现会更注意主角的经历，反而是角色的在文中的坚持很感人。他们的感情反而让我认为更美好，因为有彼此让他们更坚定。小说其实也表达一种希望吧。
0	我甚至开始讨厌一些人的出现打乱我的生活 但我又希望有人可以陪我 想要爱又在爱来临时闪躲.
1	小倩真是太有出息了，晚上鼓楼剧场《嗜血的皇冠》见！//@嘻哈当家主持小宝: 等过了这两天，我要去烧香[嘻嘻] //@汤吉吉小姐和老任的幸福生活:哈哈哈 傻妞 //@嘻哈当家主持小宝:@汤吉吉小姐和老任的幸福生活
1	[茶]一天中最疲倦的时刻到了[晕]是不是觉得有点累？那就让我们#佛罗伦萨西餐厅#出品的焦糖核桃赐予你力量吧[嘻嘻]核桃可是超级补脑的哈[偷笑]～Tel：68132299-6371
1	老爷太太们，买小女几斤虾呗?[哈哈]
1	排名进入全国10强！我们会继续努力！[嘻嘻][围观]
1	//@张健73: //@李爱米:游江南古镇，不能不去?直~~~~[鼓掌][围观]
1	亲历@土耳其航空公司TK 舒享舱：前后位置之间的位置宽的可以跳舞，脚下还有脚凳！座位宽度和舒适度也非常叫人惊喜，洗漱包用具内一应俱全！介于商务舱和经济舱之间的价格，却享受着高品质的服务，值得推荐！但是我会遇见科比和那个大厨么？[哈哈][哈哈]@XXQQJ @悦旅杂志
1	Part2 今天TN Manager和我们一起游Charminar~先是去它旁边的一个清真景点~里面有他们皇帝及其子嗣的陵墓(长廊)，也有建造得十分宏伟的寺。需要光脚进入，女士还要把头包起来~每次听导游解释历史典故都有些半知半解[巨汗]在里面遇到来印度开会的暨大的博士~说是之后乐意带我们逛海德拉巴的大学[哈哈]
1	狼子野心！[哈哈]
1	[哈哈] //@北京苏卫国：[哈哈] //@建信大道5号之严航:// @建信路3号 :法国,萨科卡恩结了仇;印度，自我感觉好过头。
1	等未来的诺贝尔候选人欧罗巴归来，咱激情色拉狂野一回！[哈哈][哈哈] //@会飞的叶子Eva:那狂笑就是射手的狂野激情？哈哈，怎么又想吃激情色拉了。。。[哈哈][哈哈][哈哈] //@扁头小猴:爆笑强调的是羊羊强大的爆发力，哈哈[哈哈] //@会飞的叶子Eva: 爆笑和狂笑啥区别呢？？[做鬼脸][做鬼脸][做鬼脸] /
1	前天失眠一整夜，昨天拍照一整天，这张拍完就直接倒下了[哈哈]结论：晚上千万不要喝茶！
1	我们玩的正嗨皮呢，反正也睡不着，过来吧 //@自由橙的小窝:夜猫子一个，还不来K歌[哈哈]
1	[偷笑] 台湾的豆腐干？！接着偶的哈喇子 //@88酷卡 :花生米和豆腐干[嘻嘻] //@酒仙网娟子:回复 @哈?尹磊:[good][good]  //@哈?尹磊:发的酒？哈哈
1	[馋嘴][抓狂][哈哈] //@电影手册杨顺霞:自称大叔，哈哈[偷笑]
1	//@辣妈专属: ~~~~[嘻嘻]
1	#豆果晚安#【火腿西多士】在家自制营养美味的港式能量早餐哦~好吃、简单、又营养呢！明早试试~[可爱]
1	同乐同乐[哈哈] //@天使的大笨猪:[haha][haha]是的，生日快乐!@只想开间咖啡馆 @幸福韩小吃儿 @开心每一天的猪 @watermelon羊羊 @丽江依一 @连莉 @李苏忙碌中 @了德了德了
1	咱爱吃肉，但也有吃肉的原则，酱骨头必须啃得倍儿干净，什么肉呀、筋呀、骨膜呀、骨髓呀，边啃边咂摸倍儿香！啃完的骨头光秃辘的倍儿有成就感[哈哈]再配上几个小菜，喝口小酒，嘿！美！@魔王1987
1	[嘻嘻]苹果好！
1	回复 @刺头不好摸:是不是很可爱,哈哈 //@刺头不好摸:那朵花是奶油做的吗？能吃吗？[爱你]
1	[鼓掌][太开心]刚去吃了个布丁，好罪恶的说。：）//@LINA_IS_明亲: 好吃的，突然好饿[馋嘴] //@繁星满天飞扬:小伙伴们，欢迎捧场！知道你们今天周末都有好吃的！我就深夜发个吃而已。
1	熟视无睹 //@taohui:下个月要去一趟。 //@中国最美的乡村婺源:恩！真的太美。[哈哈][哈哈]
1	好几年前与Desmond Richardson 这位前Alvin Ailey 明星合作舞剧奥赛罗，拍摄成DVD ，这次在达拉斯gala 上见到他！一点都没变[嘻嘻]
1	萌来！[可爱]
1	#旅人心语#最有价值的遇见，是在某一瞬间，重遇了自己，那一刻你才会懂：走遍世界，也不过是为了找到一条走回内心的路。[爱你]
1	[嘻嘻]//@全球电影收录:想想就觉得惭愧[哈哈]
1	爱疯摄影师悄悄划过[脚印] //@混混小米: 回复@李国柱他爹:弄得单反也成一大俗 //@李国柱他爹:大家拍出来的都一样估计，发到网上就开始评价：嗯，取景不错。嗯，用光好。嗯，景深好。嗯，虚化好。嗯， 躁点少。嗯，色彩艳丽。嗯，成像细腻。。。嗯嗯。全是摄影大师！[哈哈][哈哈][哈哈]
1	20%谎言，指女人为自己购买衣服等商品后，其真实价格往往比告诉丈夫的要贵20%的现象。[嘻嘻]
1	崽?，你尚在青春期。 //@镜享人生-重庆:我今晚能否再品青春那种滋味?我害怕遗落了他[酷][偷笑]  //@桑落_:相爱一生是双方对彼此融入灵魂的信仰 //@镜享人生-重庆:[哈哈]@哈戳戳 @桑落_ @竹子做的熊?
1	//@总裁语录: 一个＂等＂字了得！[哈哈] //@沈国军: 说来说去还是一个字___等
1	@Grady关? @王婧 @晨阳real 一个狂热的周末烧烤夜[嘻嘻]好开心！蕾女独门混搭调酒加调情解压又解气吧？各位孤男寡女收图吧！周末，必须愉快[爱你]
1	JIN AIR，真航空，真爱你。 //@大韩航空:那一抹清新亮丽的风景和纯真的笑容，JIN AIR, 真爱你[爱你]
1	一定会有很多人拍砖的！[嘻嘻]//@孔文:每年的CEO论坛上，都能吸收到很多营养，高层们看问题的视角非常有大局观。今年的预测，关于LTE那个，昨天某路边社的消息似乎和大家的预测相符哦！@集创Frank
0	其实谁不是这样过来的呢，高中三年我高二想退学，高三提前离校回家，因为我受不了高中氛围，我回家了，在家里各种玩，可是因为这样，我只上了专科，而且不是特别好的专科，很后悔，哪怕当时我坚持坚持，结果会不会不一样呢，一定要学习，这个时代不是闯一闯就能出人头地的，一定要学习，去好一点的大学 
1	好听呀，，听着很舒服 
0	我凑够了买花的钱，一想到，你那副没兴趣的模样，我转身去买了酒 
1	早啊，我要加油学习啦，所以忙到没时间失眠啦。很满意现在的状态，忙起来 
0	别留遗憾，会后悔，但没有后悔药。所以还在等什么？ 
1	感觉你一定是一个爱笑的女孩
0	2021年3月22号凌晨四点一十 我已经事业半个月了， 我很迷茫不知道该何去何从 我也曾经遇到过失败的爱情可能那都是命中注定吧 该遇见该经历 但是不用担心最好的一定已经在来的路上 我也很庆幸现在有个人很爱我 同样我也很爱他 即使现在我们不在同一个城市  但是很快就能重逢 或许在清晨 或许在夕阳  
0	为什么所有人都睡着，就我睡不着呢，失眠症患者真的很痛苦，为什么会存在失眠症这种病，为什么啊 
0	2021.3.22.凌晨3：42，我很困很累  但我睡不着 。2021年3月22日周一凌晨3:40，今天的我失眠了 ，好累 
0	曾经无数次的想过，有一天她嫁人了我会怎么样，祝福她还是偷偷的溜走？只到听说她谈了朋友的那一刻我才知道，这种滋味，心如刀绞，我从未想过自己会这么痛苦。自己作出来的伤口就要自己慢慢舔。
0	是我陷得太深，也许是自己的内心还不够强大。有人说分手以后还能做朋友，我不信因为我都没有跟她谈过朋友 
0	失眠好严重 
0	真的好想解脱这种状态可能现在我不是想让她回她回头而是想让自己回头吧 
0	我之前也是这样想的，可是我后悔了……但是已经没有了。希望你可以想清楚 
0	创业好难 好焦虑 
0	现在是2021年3月22日 凌晨2:45，听说今天是世界睡眠日 
1	加油相信 自己努力一点 
0	又是一个失眠的夜 
0	风水轮流转已经不重要了 我又回到了自己应有的状态 这次的平衡谁也打不破 只怕我会永远这样的清醒冷静 
1	希望你不要放弃学习，高中生活很苦，但大学生活很美，与喜欢的人在同一个大学更美 
0	睡不着啊啊啊，怎么办，像焦虑，又不像，睡不着啊2021年3月22日晚凌晨2:31 
0	我是不是应该，为自己好好的生活一次。而不是一次次一次次想着和他的未来，想着他会不会在或离开，其实这些或许也真的很重要，但也没那么重要，生活不是只有恋爱的那部分，好好的为自己活一活，不要因为和他不快乐就熬夜熬坏自己的身体，不要因为他多愁善感像林黛玉一样忧愁生病。 
0	很不巧  今晚失眠了   一打开网易云  还给我看到这个封面的歌曲  就点进来了    每一个评论都是一个故事 
1	2020.4.22 你的第一首原创 我不知道   可怀念当时粉丝群的我们  守着你的歌  在群里每天打电话  等着疫情的结束  我怀念当时的我 也怀念当时的我们还有是你的 
0	喜欢一个人应该告诉她/他吗 
0	没啥事就睡不着咋整 
0	黑夜里独自流浪 
1	要加油呀，不要气馁。过程是艰难的，但只要有付出就一定会有回报。慢慢来，路还长，你很棒。 
0	你给我发的歌单里有些歌已经听不到了 为什么我还不能忘记你啊…… 
0	不是跟你讲大道理 ，作为曾经的电竞行业工作者给你的忠告，有游戏电竞梦的孩子有很多很多，有很多辍学去打比赛的，真正出人头地的又有几个呢，到最后只会学习没学到，靠游戏也吃不上饭真的 
0	我好像有变回了那个很丧很丧的女孩儿，但是我不喜欢这样的自己 
0	突然的失眠  不知是来自对前方的忧虑或是对过去的四年的不舍  2021.3.21的凌晨两点零八分  我又一次打开了网易云
0	时光荏苒  大学生活也要画上句号啦  一切都结束了  各自踏上征途  平行线可以相交  未来不会相逢  有时候也挺开心的  也没有什么过不去的坎  过往如此  包括我 
0	还有26天就专升本考试了 还没有决定好考哪个学校 躺着几个小时睡不着 人生好难啊 
1	有没有处对象的小姐姐？ 
1	现在的颜值普遍下降，只剩下刘德华，古天乐，彭于晏，薛之谦，张杰，陈学冬，汪东城，吴尊，金城武，郭富城，刘昊然，我，吴磊，杨洋，罗志祥，林志颖，老爹，牛战士，特鲁等人苦撑起亚洲颜值 
0	希望可以慢慢放下那些表面的、肤浅的，学会面对真实的自己。不喜欢热闹的话就默默安静，不要再勉强自己活泼开朗啦小朋友，明明自己也很累呀。或许这个世界上也是有人会喜欢安安静静的我的吧。 
1	她一笑我心都化了… 
0	应该知道，因为好像我就是 ，野心很大嘛 。在难过前就想开了 ，世界周游无数，何苦执念周游 
0	我是你不能公布的秘密 ，也许我不行。。。 
0	我是一名初中生 即将面对中考 可是我平时的成绩却一塌糊涂 现在的我没心学习 我甚至不知道我现在还有什么用 哭到现在 我还在怀疑我到底能不能学好 也许我不行吧 
0	3月22日凌晨1:18，我还是不敢和他说一句喜欢，再过几个月再也不见了，如果再也不见，希望他岁岁年年月月日日，平平安安。 
0	缺少的安全感，都渴望在别人身上找到 
0	我本身是个小格局的人， 常着眼于眼前的烦心事和快乐，事一日三餐和父母健康， 但我同样希望世界温柔，有些很好很好的人不应该受委屈。 
0	嗯谢谢，现在还是高二，有点慌[哀伤] 
1	兰州人民提前欢迎你呀 
1	！！！一打开网易 封面就是 ，同是2022考生，一起加油！ 
0	不想说安慰你坚持自己别后悔，因为你肯定会后悔 
1	还有七十几天姐妹加油！不要说没有动力啦！哪怕为了你自己也要努力！ 
1	我真的好喜欢一个叫李骁坛的男孩子。 
1	我很想你，你知道吗. 
1	你也是喔 晚安！[多多大笑] 
1	姐妹同高三 加油喔 去见想见的人叭！ 
0	不得不承认的是 我们都会有放不下的人和事呀[多多难过] 
0	找错人比孤独终老更可怕 
0	我也是啊姐妹[多多大哭] 
0	他应该知道你可能喜欢他了，来日并不方长 ，那他告诉你干嘛 
0	不说什么表面话，小哥哥，如果你真的想，就放手去做，但是在放手之前你先想一下你担得起你放手做的后果嘛，你应该也希望减少父母的担子叭 
1	很值得呀！！ 祝你好运 
1	决定了就去做吧，但是学习真的很重要，希望你不要后悔自己的选择吧，加油
0	在疲惫的生活里日复一日地拯救自己，照顾好自己，就是件了不起的事呢！ 
0	我真的好害怕你变 
0	憋的太久了  久到你不知道你该下一步去做什么了 第一次在被窝里哭 夜晚的深沉最让人想多 让人难过 
0	肚子疼了一天好难受阿 忍受不了疼痛时的孤独 太糟糕了 
1	加油，相信你会成功的 
0	不要成为人们口中被游戏毁掉的孩子 
0	果真  得不到的才是最好的
0	如果时间可以倒流  我真想我们还是朋友  你默默的喜欢  而我不知道   在这个朋友的世界里  没有醋意 没有在乎  没有胡思乱想 只是纯纯粹粹的做你的朋友   真怕 那么一天 连朋友都没得做  又是一个失眠的晚上 
0	我分手了一个我喜欢了3年的女孩，一身清贫，怎敢入繁华？两袖清风，怎敢误佳人？ 人间值得吗？ 就让回忆留在三月里吧 
0	第一次喜欢上一个人，原本都已经说好了托付终身的，结果现在却来了一句我累了我们不可能了，在酒吧喝到深夜，喝到断片，在一好兄弟面前一直哭诉，他帮我把她好友删了我还去加回去，最后在小区淋了2小时的雨，边淋边跟她打着电话的，不管我怎样，却始终无法挽回 
0	现在是3月22号零点14分，只有一年了，高中还挺快(苦笑)。朋友也没有，成绩也没有，晚上一个人自己和自己说话。“我想一个人”，谁真的愿意一个人呢，只是怕失去罢了。迷茫，是的。我没什么动力去学习，人似乎总是这样，失去了才知道珍惜[哀伤]。毕竟你永远不知道未来会发生什么吧。脑袋好乱……唉 
0	“人间的面吃一碗少一碗，人间的面见一面少一面，人生就是一次减法，来日并不方长” 
0	保留体面呀  不要再记住他的好[心碎] 
1	现在是00:17，刚刚写完作业，今年的冬天好长，或者说是春天太冷了，快四月了还穿着棉袄，距离中考还有91天，加油，全力以赴。我的青春没有独一无二的情感，没有轰轰烈烈，安静而普通，但有不代表不会出彩，未来，前程似锦，我，必然锋芒毕露 
0	一直在寻找爱的路上跌跌撞撞 ，睡吧，兴许梦里会见面 
0	我不想再这么继续下去了 虽然很爱他 但我也不想委屈自己 就从现在开始 再原谅他33次 
0	我的妈妈让我放弃你，可你的妈妈很喜欢我…… 
0	一个人失眠折磨自己 仔细想想他好像只有刚开始的时候会哄我 现在大男子主义都展现出来了 每次都是我自己生完闷气之后他才会说对不起 真想留住一开始的美好 可能我深夜手机的灯光打扰了他睡觉 他现在跑去另一个卧室睡了  
0	希望你万事顺意，有始有终别记得我别想我，可是有我很自私希望你永远都记得我……再见我的男孩 
0	我好喜欢他，可他好像并不喜欢我，他就像一束光，让我想要靠近却没有直视的勇气 
0	深夜总会一个人想很多 跟老公在一起快一年了 他脾气不好 我一直尽可能的忍着 我们一起面临现在的低谷期 但是有时候女人只是单方面的感动自己 昨天我们吵架了 因为很小的事情 他说了很难听的话 感觉不像从前了 不知道什么时候我可能就真的放弃了 
1	加油，想清楚，别做让自己后悔的事，~要开心 要快乐~明天又是美好的一天 。说点儿题外话 考上一大学时候学计算机 自己开发游戏 多好。学习不是唯一的出路 但却是最轻松的。 
0	“为什么人总是这样，好了伤疤忘了疼。”无限循环的伤害再伤害 
1	我想问：一个男生问我：你觉得我喜欢你吗是什么意思啊啊啊啊啊啊啊啊啊！！ ！！！！！！ 
0	最少拿到本科学历再考虑以后的人生呀，本科可以让你即使游戏这条路走不下去，依然可以过得不差。 
0	你比我大两岁诶 是不是已经结婚啦 你会是别人的老公和父亲 但你一直是我的少年  
1	人生，总有乌云密布的低沉的时刻，但也会有蓦然抬头，拨云见日的一天。在低潮时要忍耐得住，不要放弃对光明的追求。只要你足够坚定，运气就会眷顾你。永远不要轻言放弃，或许再坚持一下，就能迎来成功。一旦熬过阴霾，你会就发现，其实自己无比强大。 
1	加油 ，大家都要甜甜的睡觉 
1	妈妈说，不要试图做别人眼中完美的自己。 
1	所有的努力都是更好的生活的铺底，希望能坚持下去，我徘徊不前，在找18岁时的自制力。 
1	我觉得两者不冲突，好好学习，并不耽误你以后往其他方向发展 
1	明明心里有答案 还是有所期待  
1	公考七年路过，面试进了两次，差一名进面四次，今年再战。毕业后看书十年，中级职称。你这不算什么，别放在心上，努力的人有很多，不一定会有回报，参与即收获，慢慢来。 
0	天亮似乎还很长，却要惦记着明天的忙。 
1	既然认定了，就为此付出努力吧！加油，陌生人！ 
0	折磨自己是为了更快放手 ，那个能让许多人羡慕的自己已经被弄丢了 
0	没必要，不需要，就这样吧，不用了，我忘了。 
0	我真的追不上曾经那个发着光的自己了 
0	18岁 就仿佛已经过上24岁的生活 每天早八晚六 每天重复的生活 无数的压力和责任都在这个18岁的年纪里 每一天都要考虑怎样能挣到更多的钱 如何处好人际关系 很累很累..但我知道这仅仅只是一个生活的开始 可能这些对于未来的我都不算什么吧 但是真的好累.... 
0	爱的太深，伤的越痛 。没有期待就没有失望，没有失望就没有绝望，那样你每天都可以开开心心 
0	上坡路并不拥挤，你也不必着急，慢慢来，你值得美好的一切。 
1	别等，如果以后在一起了，就请好好喜欢她！ 加油 
0	有点东西可能喜欢，但是不一定是好的。成长的意义也正是学会权衡利弊的过程。但是要是真心喜欢，那就朝着目标去奋斗，但是一定一定要三思而后行。 
0	心死了  是教训不够痛 。好累  想要抱抱。能遇见就已经很好了. 晚安 
0	靠游戏吃饭的方式有很多种，不知道你想要的是哪一种？游戏研发，策划，还是成为电竞选手？你想好了再决定哟。如果是前者还是需要继续学业的。学习考学当然不是唯一的出路，但也是努力会有收获的路，没有任何努力会白费，除非你选择了半途而废。无论最后你做了什么选择，希望可以勇往直前，无畏风雨！ 
1	加油 你一定可以的 相信自己 。只要我不说就没有人知道我还没放下 
0	那现在的你有能力支持你自己的想法吗，你有想过靠游戏你能养活自己吗，你有没有想过你现在在重点高中你有很大的几率考上大学，去更繁华的城市，你还没见过这世界，你就要把自己锁死在游戏的世界吗，你真的够努力吗！ 
1	加油加油！！！我护资考试！一定可以！ 不要放弃学习，一定不要。 
0	我不知道为什么最近总是能想起好多好多的以前做过的狠心的事情 
0	我以为遗忘在过去中的回忆，只不过是藏在内心的角落，在某一时刻像潮水般涌出，将疼痛再次弥漫心口 
0	你会找到别的星星，可我只心动你一个月亮。 
1	能考上市里重点高中  说明你很聪明  读书虽然不是唯一的路  但是读书学知识绝对是最不会后悔的路  读书学习从来都不是无用的努力  想靠游戏吃饭 是吃不了一辈子的 加油呀弟弟[爱心] 
0	小时候觉得凌晨三点起床是一件很让人自豪的事，而现在的我望着凌晨三点的月亮，却不知道该何去何从。 
1	还有77天高考 加油吧 为了心里那个人 。一起加油！ 
0	你独独不该进我心上，又退我千尺 。比如说一直默默的喜欢你 忘不掉你 
0	默默喜欢，不求回应。相识的第十年，突然不再和我联系 
0	距离高考还有78天，压力好大，感觉考不起大学，想去单招，但我们老师说，比起父母的压力，高考的压力根本不算什么， 
0	他是我日夜思念深深爱着的人，我想我也是他日夜思恋的人，可是他的人生规划里根本没有我啊！这…… 
0	再没有遇见一个好喜欢好喜欢的人 深夜哭一哭吧 释放一下压力 。失眠校园 
0	千万不要冲动，你已经考上重要高中了，要好好努力考上大学选择一个游戏专业的，有能力后才能把握机会，权利选择自己喜欢的生活 
0	今天是世界睡眠日。祝失眠的小朋友们睡个好觉少吃安眠药。 
0	不知不觉，天就亮了，不知道为什么熬夜，没有人聊天，没有刷抖音和追剧，就一直循环着喜欢列表，记不起来几点睡去，早上起来房间还是原来的模样 
1	大学刚毕业，想和你说：你拼尽全力地学习，不要管现在如何，等你考上名校会回头感谢曾经的自己。高中时每天五点半去学校，五点五十开始背书，现在想想很幸福，你不是独自一人  
0	不要冲动 你可以深入了解好好和他们沟通 以他们能够接受理解的方式 做游戏是有发展的 只是他们也许对这块不太懂 所以采取对游戏一棍子打死的方式 相信他们会支持你的 
1	和他在一起巨舒服   我不用假装温柔懂事  发脾气粗鲁骂人的样子他都见过   实不相瞒我想在他身边一年又一年，十年又十年。 
1	用读书去追梦吧，它可以支持你的野心[可爱] 
0	自考的同伴，你是否也曾后悔当初为什么不在努力一下，为什么不在逼自己一下，到现在还要耗费时间耗费金钱去弥补 
0	如果没有深入的了解只是觉得打游戏好玩 心理上刺激 那么你需要找到一个平衡点 以适合自己的方式解决你内心的压力凭着对游戏一腔热情的喜欢而退学 最后很可能没有出路的 只会让自己未来的路越走越窄或者可以从事职业电竞 打比赛但是走出来的很少 毕竟这年头风口变化太快 
0	毕业可以争取去游戏公司莉莉丝 米哈游天美工作室 朝夕光年等等互联网游戏大公司入职 接触到专业的游戏资源 获得进入游戏圈的前提也是需要本科以上相关专业毕业的那么才会有职业发展的可能 
0	已经记不清每晚多少次从梦里惊醒，不知从什么时候开始，黑暗里盯着明明看不清的天花板 
0	喜欢游戏可以但是前提你得上大学 可以选择读和游戏相关的专业 游戏角色设计 原画师 策划关卡设计 java程序开发等等专业很多 
1	学习很苦，都很值得。几乎所有人都推崇的事情，一定经过了时间的检验。 
1	今天是21年三月21日晚上十点四十六我见到她了她变化很大还一直在努力学习我很开心她不被感情所缚她会在奔赴在前途的路上遇见更好的人希望那个人是长大后的我 
0	我会很坚强，任何事都不要走心，人间不值得。 
0	初三了，不到100天，浑浑噩噩的三年，仅仅转眼一瞬间，没有真正意义上的朋友，没有一个人的鼓励，没有老师的重视，没有真正的去付出拼搏过，老师激励的话语早已听的烂熟，却还是没办法往内心深处走去，仅剩的几十天，或许可以改变自己命运，希望能够认真的走过这仅剩的初中时光 
0	不要放弃学习，这个社会学历还是非常重要的，好好读书，考上好的大学，选择自己感兴趣的专业，理论与实践结合，才能走得更远吖！你现在就放弃学习，以后肯定会后悔的吖！ 
0	后来我知道了，很多事情上都可以努力，但人与人之间不行，能走到最后的，其实一开始就是同路人，相遇是有原因的，不是恩赐便是教训。 
0	看到第一句，想到的那个人，肯定曾经让你笑过，后面也让你哭过 
1	努力的尽头是你挥洒汗水的辉煌 
0	我是一个还在一个实习的学生，读书不一定是唯一的出路 但是学历就是敲门砖，你再有能力，你连面试资格都没有，你会发现你过得会更累，也是在普普通通的一个人。世界很大，有钱并且努力的人太多了。父母那一代不能改变什么群，人生是自己的，看你自己怎么选择的，以后不能怪父母没能力就好，加油吧。 
0	我真的不懂得珍惜  你最后的任何攻击性语言  我也不会反驳什么  是我的错  但心凉了是真的我难过了整个星期五 
1	加油啊！一定可以的 。再坚持一下，还不可以，那就回到那个让自己舒服的地方，加油陌生人， 
1	嗯嗯好，我会用学习证明我自己得，谢谢，祝2021中考加油[可爱] 
0	想问各位“一个人明明比谁都懂我的意思，为什么还会眼神躲闪，苦笑？！” 
0	是真的好累啊，高二更累，周周考试，次次排名，真的越来越想放弃了 
1	公司发的口罩，好贴心[嘻嘻]
1	一夜暴红！[哈哈] //@未艾_Fancy:从探班到变身神秘嘉宾全程出演，原来人就是这么出名的，人怕出名猪怕壮[困]
1	想要在享受中享瘦的姑娘看过来，超苏糊的温泉减肥法哦[嘻嘻]
1	这一句加的好。哈哈！//@村民琐记:最后干脆派了个女恐怖分子来袭击中国，结果入境几天后竟被拐卖了~[偷笑]//@未成年者禁止进入: 这个搞笑[哈哈] [哈哈] [偷笑]
1	接电话要怎么slide啊？//@Play瑜: 爱不释手了[抱抱]
1	#海螺沟冰雪花海盛宴#春天里，海螺沟高山花卉开成了美不胜收的高山花海！！我们“海螺沟冰雪花海盛宴”也美艳开场了！各种好耍、有爱的活动新鲜出炉，奖品超丰富：天然氧吧海螺沟门票、高大上贡嘎神汤温泉体验券、多姿多彩藏家晚会，还有海螺沟空气珍藏版等着你哦！（活动详情见配图）[哈哈]@西行驿站
1	哎呀师傅都来了??? //@释隆道:善举???//@释不归:哥嫂的善心功德无量！支持！ //@歌手含笑: 感恩??? //@释不归:博主和右边是我哥哥我嫂子，大家支持一下！[爱你]
1	祝@小妖娜娜  生日快乐。天天开心，桃花不断。你永远是俺心里内个漂亮聪明体贴睿智的“娜无敌”！加油[爱你]
1	[哈哈] //@---范冰冰---：学会化妆，真的很重要！[偷笑]
1	习大大刚才到南锣鼓巷了！[哈哈]大大这回吃点啥？大伙儿来给他推荐推荐～（图via @国安低调哥 ）
1	开森[噢耶][噢耶] //@庞丹Gina:一会有事，提前公布获奖名单，恭喜：@邋里邋遢神经治 @汤吉吉小姐和老任的幸福生活 @嘻哈包袱铺筱雅 @小宋不再小 获得了这款阿芙的大马士革玫瑰纯露，私信我你们的地址，一起让皮肤变的越来越好吧！[鼓掌][鼓掌]没中奖的童鞋不要桑心，以后还会有很多好东西分享给大家！
1	哈哈哈哈！//@白云觅渡://@竹人摄影://@弯月镰刀: 有一种拍摄叫造假，有一种演戏叫穿帮![哈哈]
1	大家都在看[嘻嘻] //@石门老邓: 最近…很流行这个么？[汗]
1	每个人都是幸福的！[可爱]
1	兰卡威好玩，这个月底就去咯[嘻嘻]
1	共同进步[哈哈][哈哈]//@1039醉洪彬:向彭总学习，向彭总看齐。[哈哈]//@陈玉霞博斐秀禾: 挺准的[偷笑] //@彭涌_爱美食:看来我敌人多，我努力改成红酒行列
1	@雪梨长颈鹿 @劳伦贝尔  //@巧克力奥利奥zzzz:[哈哈] //@DDDDeadlingling:[哈哈]
1	#空瓶记#1，契尔氏保湿精华，极端不推荐，完全不保湿；2，契尔氏小黄瓜水，同样不推荐，擦了脸痛是永远的主题，大S说的毛孔变小只是传闻。3，欧舒丹乳木果手霜，永恒经典家中常备，用完一个又一个，生生不息[哈哈]
1	必须动起来[鼓掌]
1	徐总亲自面试，月薪1000，木有休假，木有工作餐，不提供住宿，因为他真心地喜爱8000M，最终选择了留下[嘻嘻]
1	[爱你] 我亲爱的妈妈//@高博819：//@黎敏CBN：突然觉得好想落泪
1	支持下我们帅哥会员拍的片子！[嘻嘻]
1	[哈哈]欢迎 //@自由的空气1025:馋人啊真有飞回汕头的冲动啊！@董克平 //@张新民:[嘻嘻][嘻嘻]
1	[赞] //@天涯冰峰:最欣慰快意的就是与恩重如山的父母欢聚一堂度过大写龙年，迎来金彩小龙。@阳澄居士: [爱你]@阳澄禹衡 @天涯冰峰 @立山而林 //@1048苏州交通广播:【1048正在直播】欢迎参与[爱你]
1	[good]好诗！ //@juliadoll:?弈山林竹伴君,返璞?真???,拂去??浮??,?意人生是佳境...[玫瑰]//@画家刘勇: 回复@茗茶坊美妇:[微风][微风] //@茗茶坊美妇:四季花草最无穷，时到芬芳过便空，最爱山中兰与竹，经风历夏又秋冬[可爱] //@画家刘勇:回复@陈聪3:贤弟所言极是，境由心生。[微风]
1	哎呦～我也爱上张亮了[爱你]@z沫沫_mo子?
1	拉了[哈哈][哈哈][哈哈]
1	对葡萄酒兴趣浓厚？你知道吃辣该配哪一款酒吗？@高圆圆 带你游Napa酒庄DD#圆梦加州#葡萄酒专题视频很快就要上线啦！敬请期待[哈哈]
1	真有爱。。[哈哈]//@广告也疯狂: 转发
1	#北京美食地图#@大高兴烤肉 没有高大上的外表，有的是温欣的脱光主题，不光可以享受美食，还可以顺手脱光啊，圣诞节欲脱光的童鞋要行动起来！另外美女老板娘，非单的可以去否[嘻嘻]（@馋猫大厨1 投稿）
1	有基情呀 [偷笑]//@边疆边吃边说:倪与乎最好不放一块儿[嘻嘻] //@大酒缸1898: @食全食美老倪 @北京吃喝游乐玩 @食尚小米 //@生活禅在旅行:北京一夜，暴食暴走！[笑哈哈] //@京城豆腐白: 崔兄下手持烧饼者可是老[疑问]倪乎？ //@边疆边吃边说: [围观]
1	在浙江碰上远房亲戚。名字叫做酱猪头?[嘻嘻] 它好好。。。吃！[哈哈][哈哈][哈哈][哈哈]
1	节假日又有好去处了喔~[太开心]
1	//@精彩语录: [哈哈]这个动态图搞笑了，推荐大家一起关注@最GIF动态图 每天乐一乐~
1	恭喜@再见看不?痛苦 @三十二?娶妮 @文亮不装Crwpb 三位同学获奖！！！！请抓紧时间私信小佰你们的联系方式！！！！！！[抱抱][抱抱][抱抱]
1	到了办公室，发现手机忘带了[太开心]
1	[哈哈][哈哈]绝对靠谱的小不点……要火……生日快乐！！！[蛋糕][蛋糕][蛋糕]
1	要去要去吃檬舒舒和拉面！檬舒舒真的贵，?中的爱马仕，但是好吃到值那个钱！[爱你]
1	非常好吃吧哈哈 //@晓-zero: 我爱米线~，[爱你][爱你][爱你]//@慕睿衡:明天米线继续走起来@晓-zero 等你来啊
1	My room and new friend![爱你]
1	?真的很不?!//@pandamen趴打文: 我都??意?京??[爱你]//@OL醉??房:就好似食左一?蟹
1	北京的天儿下雪了，在辣么刺激的121212的日子里，我必须做一点儿惊天地的事儿，这辈子一直因为没有拍过外星人而自卑，这次终于让我找到了！还是两个！！！我骄傲！终于可以艾特@章小八 了！ #随手拍解救外星人#@昃小麦  @北京电台晓航 [哈哈]
1	坐等双十二[哈哈][嘻嘻]
1	类似于，仰卧起坐，现在只能仰卧，明天早晨起坐……或者今天俯卧明天撑！//@大大大大迪:[偷笑]  // @不作死不罢休夫斯基 :// @精彩电影 :精辟啊！[哈哈]
1	太有缘分了！[哈哈]
1	这就是所谓的横插一腿吧[哈哈][哈哈]//@沈涛:是你搞的？[偷笑]//@成隆行老柯:和环境没关系，属于遗传变异//@朔宇很强-C2红胖:是受污染变异了吗？这种东西能吃？[吃惊][吃惊][吃惊][吃惊]
1	@吴敏---马拉松冠军 你认为呢？//@体育评论员张路平: //@跑跑卡丁朱: [鼓掌]//@黄力生: 支持！[赞]@厦门公益马拉松训练营 [鼓掌]
1	[给力] //@边疆边吃边说:[围观]//@西涯无忌: 这个还要推起来。 回复@热点红姨:俺们的理念与肯德基同步呢！ //@热点红姨:商家可以根据自己的实际情况，选择使用方式，如只给客人提供手机菜谱、提前预点菜品、支付等等，具体应用起来会有多种不同的选择，@热点联盟 的@爱点餐 已经实现了[鼓掌] @谭育君77
1	Wonderful dinner by Ningbo Shangri-La[鼓掌][鼓掌][鼓掌]@宁波香格里拉大酒店 @Grace_Sunshine
1	#当爹进行时# 今年过年北京放烟花爆竹的人真的明显减少了，虽然还不时响起零星的炮声，但跟往年没法比。今天又刮起了五级风，放炮的心理负担更少了点。[嘻嘻]
1	[哈哈]//@段郎说事: [哈哈]//@若梦de流年: [哈哈]
1	我的熊越?越多啦!!!!!![鼓掌] ??大家
1	长腿MM看过来~平底鞋的搭配~每套都能凸显大长腿！mark起来吧！[爱你]【私享穿衣顾问微信：FashionTalent33 】
1	我要结婚~[害羞][太开心]
1	是哒，这个logo酷似Loewe的牌子叫作Louis Quatorze,是定位在affordable luxury，诞生于法国被韩国人收养的品牌，据说在韩国的地位和受欢迎程度大大高于Gucci，目前在中国的第一家店筹备中[馋嘴]。第一次见面就送这么多东西给我，真是不好意思内~虽然红色漆皮并非我所爱，但收礼总是开心哒[馋嘴][抱抱]
1	我今天陪小朋友买了一件美丽的裙子！ //@林姐姐花园:今天你行贿了吗？[哈哈]//@静老师:太对了！[哈哈] //@林姐姐花园:孩儿TA妈，过儿童节，你行贿了吗？@静 @艺术与生活随笔
1	边个叫你晒命啊！拿，老天爷唔中意，落你大雨，无得你晒！[嘻嘻]
1	[鼓掌][鼓掌]鼓掌欢迎，喜欢要常来哈~~
1	[偷笑]跟你有半毛钱关系么[哈哈]
1	年会上的美女们。[爱你][鼓掌][来]
1	第二季会有男神@?想家林志? 麽？[爱你]
1	[嘻嘻][嘻嘻] 淡定！[馋嘴] //@果粒橙_cyx: @charityguan  ，瞧见没？跟姐学吧
1	今日申城PM.25指数48，空气质量很好，大家可以到户外走走，呼吸一下新鲜空气，放松一下心情哦~[太开心]
1	回家滴感觉真好～休息休息，好好赚银子，然后继续得瑟，今晚就把砖砖们照片发给你们哈，谁那有我滴照片和咱们集体合影都发给俺哈，谢啦![爱你]
1	怕家里的萨摩耶夏天太热，二逼主人把原本超漂亮的毛剪成这么个?样~！[哈哈]「转」
1	//@新周猫: Mr [嘻嘻]Right？
1	[嘻嘻]没错，本季新品即将在这个?圣诞节?闪亮登场啦！[酷]没人能抵挡三文鱼的诱惑，没人能抵挡爱琴海店“VIP甜品无限”的诱惑！[威武]所以，今年的圣诞聚会就交给雕爷牛腩吧！?
1	亲，我可以不要赠品么？活的那只，请派送有强健肌肉的雄性…大叔或萌物皆可…[爱你]//@去哪儿网酒店:众亲，回答下普遍问题：①男性可要求送男友，请提前注明要小攻or小受，以便我们有充分时间准备；②我们包邮，7天无理由退换，限一次；③不能只要后面那样奖品哦，赠品不单独送哦。[爱你]
1	//@温蒂赵WendyChao: 没兴趣做董事长总经理的可以看看，世界上最高明的骗子们[嘻嘻].不过都是好电影
1	需要沉淀和积累的行业，对VC都不是好行业。[哈哈] //@华登国际苏仁宏:不但没竞争，好项目连找个Co-investor都难。 //@VC_Albert: 很好啊，苏总的竞争少了，胜率大
1	我们桌估计是第一桌没上大餐先就着面包篮干水井坊的[偷笑][偷笑]太香了，难以抗拒的酒香！南方男子喝白酒的气魄更让人难以抗拒，销魂干杯法[哈哈][哈哈]
1	影子都可以这么美[围观] //@机场大郭:婀娜身姿！[哈哈][嘻嘻]
1	嗯哼哼，我又开始了！[嘻嘻]我在这里:#舒适堡健身中心(滨江店)# http://t.cn/z0kRpWR
1	我家要多个新成员勒，大家帮忙起个名呗？我想叫它Lucky因为从小它就光生病！我想让它好运点~也想叫它麻辣肉！小名肉肉[嘻嘻]另：公狗，阿拉斯加。
1	[哈哈]//@我们读书吧: 十二星座谁做的饭最好吃[馋嘴]
1	@vivian于小璐 [嘻嘻]
1	啊哦，有人潜水回来啦！//@鱼落: //@懒人业余餐厅:哥们儿的作品，求扩散[鼓掌]@蘑小菇even @黄天space @阿兹考拉 //@罐透明: 咳咳！“再次”冲出亚洲走向世界加油加油[鼓掌]//@二哥呢: 终于可以再次呈现，感谢所有参与的朋友。
1	太有范了//@记忆延伸: 婧楠真有范儿呀[鼓掌]
1	难道、、、、是传说中的！[嘻嘻][嘻嘻]@海棠居付志刚 @曹攀林
1	@?有朋 喂。。这位大叔，听说你在上海忙哦，肯定要来北京宣传的吧，约起来[哈哈][围观]#甜蜜杀机#
1	今晚参加了“2011时尚先生盛典颁奖礼” @纪苗苗mmki @陈超Alex 谢谢你们对我的照顾[可爱]
1	在一起，在一起。[哈哈][哈哈][哈哈]
1	看到了看到了，#愤怒的小孩#里愤怒的帅蜀黍#张译#！[鼓掌]
1	回复@SOSO星:[哈哈]改良一个大众点评 //@SOSO星:恩，绝对是手机应用，最好是菜单式是，点击我要去的景点，然后时间预算想吃的东西，就自动给我设计一条路线出来，附带相关信息。
1	分享分享[哈哈] //@侯小园:你们怎么没分享@徐宝瑟 @风间小卒 @Zn_Andy@阿尼玛卿雪豹 @Miss-_-猫猫 @摆渡大厨
1	哈哈[哈哈]同??果迷！
1	图上的字看不清楚哎....//@颜慧的围脖: 亲们，以后咱去这里看八卦的来龙去脉，红黑PK！[哈哈]@金国 @毛涛涛 @徐愿愿 @刘奇 @桃小T @加菲兔兔cici @趴趴鸭 @行走的艾丽丝儿 @暖暖春天 @TopInteraction //@毛瑞欣_morrison: 果然很神奇，脉络图很清晰，以后扒事件就靠微吧了，哈哈~~[得意地笑]@北京微吧
1	#首都航空微视频大赛#首都航空2013年微视频大赛作品征集正在进行中，小编在此提醒，准备参赛或已经开始行动的小伙伴们要仔细阅读对参赛作品的相关要求哦，还有别忘了我们的征集时间截止至9月30日，大家赶紧来参与吧！丰厚的大奖等着你哦！[嘻嘻]
1	?啊！Starting my long vacation！[嘻嘻]
1	我听象象的，象象让我吃肉肉，我绝对不吃狗粮。[爱你] //@琨宰731: 好像是哟 [生病]@陆洋_Lu
1	#百变大咖秀第五季# 马年马上到，大白组合继续挑战“非人类”，双马贺新年了！人们说，马上能放的东西越多越好，MONEY呀，房子呀，对象呀，最好是想啥来啥！“神马”和“二维码”说，人类的世界好难懂！喜欢这两匹神奇的“马儿”？周四晚22：00啦！@花儿大张伟 @白凯南 [哈哈] http://t.cn/8F2TELX
1	过奖 //@常?永:很厉害 //@乒乓阎桂丽:惭愧[可爱] //@常?永:在看您介绍呢[给力][威武] //@乒乓阎桂丽:向您致敬！ //@常?永:向世界冠军致敬！ //@乒乓阎桂丽:常总好！[握手] //@常?永:[给力][威武][握手]阎姐好 //@乒乓阎桂丽:[威武] //@杜猛:@安家刘文斌 @慈核 @波波钱 @不爱狼羊的女妖 @陈宝林果然
1	[哈哈]还是坐烂的那种
1	没看出来多文艺… //@全球热门伤不起:喜欢这样文艺feel的家吗？[爱你]@美家美居手册
1	@荨陌 ?累画的就是木桐的对吧 真的挺搭的~//@杨婷婷Young: 木桐好可爱[哈哈][哈哈] //@法语法国:波尔多五大名庄酒标，学法语的你读懂多少？
1	Dolce & Gabbana 2014春夏女包[爱你]【私享穿衣顾问微信：FashionTalent33 】
1	史上最激萌的柔道对战！[加油啊]最后教练也被萌的看不下去了把两个都抱走了，萌的一脸血！！！[哈哈]
1	是棒子就你能发光的！！！ //@大寒江:随时受不了，笑喷了[嘻嘻]
1	//@小慢快跑吖:哈哈 真的是 连同学都不太能理解的职业 无力解释 到最后只说是打杂的了[偷笑] //@徐新华V:我是这么说的，在网站工作，具体做什么一两句话说不清楚。//@闪闪shanshan: 和老乔是同行[哈哈]
1	妞吃得开心就是对我们的鼓励，谢谢[亲亲]
1	回复@像库里一样投篮好不好V:嘻嘻，那会阳光特别舒服，特意拍的[哈哈]亲看的仔细[嘻嘻][嘻嘻] //@像库里一样投篮好不好V:第3张图暴露了你@简安然 [嘻嘻] //@新浪武汉汽车:这是哪里？太帅了[嘻嘻]
1	就是嘛，为什么短信要收费呢？好像最一开始诺基亚8810年代短信都是不收费的。//@沈昊: ＂如果微信不该收费，那短信为什么要收费呢？＂我也想问，短信为什么要收费呢?为什么?[嘻嘻]
1	[嘻嘻][嘻嘻][嘻嘻] 死木头最爱石头，一起赶集去吧~  //@?氏大家庭:回复@花斑石V杨帆:本家，很快！ //@花斑石V杨帆:[给力]我咋没被欢迎呢
1	试试看@吴刚 [爱你] 3D二消的话看看啥感觉再来分享
1	在家睡的特别香，10点一觉睡到早上七点[哈哈]
1	都在感谢咱们 就咱们自己人不满？//@深圳小天:公知误国，二毛以自残的方式告诉兔子这个真理，这是爱得多深啊！ //@吃斋的猫2011:这大使是明白人。//@澳大利亚舟哥: 他的意思是，早听中国的建议，克里米亚就不会走到今天了。。。//@杜子建: 别客气，应该的！普京也这样说，怪不好意思的！[爱你]
1	#爱是平凡背后的幸福线# 我们生活的都市森林中，有很多这样平凡的人过着平凡的生活，吵着架斗着嘴、吃着火锅看着电影、拉着小手打拼生活。爱是平凡不惊，却又弥足珍贵！//@Fiona--Q:真的很意外收到这盒花，我们在一起都六年了！[爱你]希望我们的爱情像这盒玫瑰一样永生吧，漂亮、精致、长远！
1	多年老友的再度合作[哈哈][哈哈] //@杨极7:@李菁_lijing
1	蓝天、碧水DD加上典雅、美丽的东方女性，无法用语言形容啦！！！[哈哈]
1	回复@sweet-jane:呵呵，其实本身真的很帅的！！！ //@sweet-jane:回复@狐狸汪汪:[晕]另一个！国际STAR！ //@狐狸汪汪:回复@Shakira何:@北极光之舞 听见没 //@Shakira何:人家找的是法国妞，能不高点儿吗？！ //@狐狸汪汪:回复@优品李亚南:[哈哈][哈哈]听君一席话，我更自信鸟！！！
1	回笼一觉百魅生，六宫粉黛无颜色。[哈哈]
1	“什么是奋斗？奋斗就是每一天都很难，可一年比一年越来越容易。不奋斗就是每一天都很容易，可一年比一年却越来越难。”[威武][给力][鼓掌][赞]
1	//@水青风扬: 叫网商比较合适！电商不是电也不是商！//@有为张:对了，就在等你这句话了，“专业”[哈哈]//@临沂后生: 电商比较专业一点吧，，网商覆盖面会不会广一些
1	【秘制橙汁，1月瘦出水蛇腰】材料：橙子1个，红枣3颗，山药粉1勺。制作方法：将橙子、红枣、山药粉、100ml温水打汁即可饮用。使用方法：1日1~2杯，1周不少于6杯。功效：橙子排除腰腹油脂，红枣促进血液循环，山药粉有助排除水肿，连续10日，可瘦1~2斤[爱你]
1	ok！欢迎参加！ //@月影传说online:月影YY交流会马上开始咯哦亲们，与策划面对面，策划们为您讲述月影传说不得不说的故事[可爱]
1	生日快?[?你][蛋糕] //@一号立井:你有得你有失 爸爸希望你有自己[?你] //@薇薇安沈:严肃活泼三家聚首[花心][鼓掌][乾杯]高端冷艳二姐生快[偷笑][??][蛋糕]
1	现如今穿帮剧太多，昨天偶尔看到一抗日剧，其中一女地下党的名字还挺现代，叫什么苏雅，你丫还不如叫什么郭兰英、张瑞芳、陈桂秀啥的合适呢 //@还有意思么:地上的黄色违停线穿帮了[嘻嘻][哈哈][偷笑]，这辆车明显违停了@南京交警二大队 赶快来贴罚单，记得贴黄色的，罚一百扣三分
1	不时gmail里头会有陌生人误发的email，可能是敲错了地址。今天邮箱里发现一个不认识的家住美国圣地亚哥的父亲摆乌龙，发给我他的女儿的婚礼邀请。若是将错就错是不是也能当一回 "Wedding Crasher"? [哈哈]  好吧，不管怎样，祝福这对般配的新人(Sherry & Patrick) 吧！
1	一起瓜！[耶]//@于洲:右边算你狠[哈哈][哈哈]//@童华安: 回复@韩骏:[哈哈][哈哈][哈哈] //@韩骏:回复@童华安:[哈哈][哈哈]欢迎瓜分。 //@韩骏:[哈哈]万里长征才是开始，我会继续努力！
1	刚加完班的人表示好馋阿[馋嘴]@人间六月天 下次去试试这个[哈哈]
1	第三条GJ哈哈 //@阿呆民:哈哈哈哈哈第三条！//@一叶舟渡: 参考第3条[哈哈] //@哈里路亚918:不用那么复杂，只要看最后艾特了那几个人，比如薛、袁、李、任……那没错，这就是谣言 //@一叶舟渡: //@赵艳霞_大学之道: 分辨网络谣言
1	发现一张滑雪的靓照，臭美一下[可爱] @快疯的乐子
1	#?祖美食#终于吃了如雷贯耳久闻大名的厚味居老北京炙子烤肉，激动啊！肉多汁、葱茜香、调味佳，旋风式干掉一盘牛肉一盘羊肉一盘芥兰，灌上一大瓶儿燕京，爽！过瘾！过爽瘾！点评有人说服务差劲，我看是因人而异：大姐非常照顾我点什么如何烤，与刘老师傅也言谈甚欢！呵呵，看看您的遭遇如何！[嘻嘻]
1	#昆仑饭店易舍鲁菜餐厅# 秋葵又名羊角豆、咖啡黄葵、毛茄已成为人们所热追的高档营养保健蔬菜 - 益肝 健脾 和胃 原产于非洲 在非洲很多国家已成为运动员专用蔬菜 九月开始 来易舍餐厅便可品尝到[鼓掌]
1	刚才新闻联播看到了，笑死了！[哈哈]还有一个，新郎抱着新娘从车里出来，记者傻呵呵的问人家，你幸福吗？[哈哈]
1	你的新鞋？[哈哈]
1	@艾晓霏 你每年都过青年节，名副其实的青年人。哇咔咔[鼓掌]一早再次祝我家福妞儿生快[爱你]
1	[哈哈]真是太敬业了！！
1	忍的了寂寞，才能看的近芳华[可爱]
1	推荐@老街兔 [给力]@老街兔掌门 [bm可爱]//@老街兔: 老街兔盐帮菜，麻辣兔头、素三样、大麻鱼、仔姜蛙、酸汤肥牛。。。各种正宗自贡盐帮菜，一吃难忘~[嘻嘻] 就在东城区东直门外新中街甲1号(东方银座东侧)
1	回复 @克力果:哈哈！那我觉得吧，你肯定是看上那位老大爷了... [偷笑][嘻嘻][哈哈] //@克力果:回复@高翔_Mark:好了哥，别报了。再报这等姿色的也不能看上我，哈哈哈。惊着我的不是这人，是这人跑这成绩。[做鬼脸] //@高翔_Mark:小伙纸不错，单身的姑良们看过来哈！[偷笑]
1	上午好！//@八仙成吉: //@亲娃姑娘:[给力][xkl转圈]//@lap-tina: [太开心]好朋友上午好！[礼物]
1	阴雨绵绵的天气终于过去，今天的阳光好灿烂[嘻嘻]和Leo老师一起度过的充实快乐的时光里，我们又学会了很多，喝着自己的espresso，满心都是幸福[抱抱]亲爱的2013447的同学们，我们一起不懈努力[耶]
1	潘朵拉的盒子被打?了，宜臻夫?的??浮上?面，宜臻也跟湘琪面?面了，越?越好看。喜? @real天心 笑起?酒?好漂亮～看到幕後花絮?得演??演技真是太好了（?是剪接的功??!）???互?，笑?就像?咒，?完?了啦[哈哈]//@real天心: 就是明天了。。。
1	可喜可贺！[鼓掌]
1	终于收到@Lens 复刊第一期了，太不容易l[围观]@ShawnLi 谢谢了[鼓掌][鼓掌]
1	花样还是少了一些~回头我生完了不怕造口业的时候编一个~//@nimo家的金小夕：收藏//@你别再跑了：[嘻嘻] //@行走苦难人生:[吃惊] [赞] //@刘小喵_苗淼：呃。。。 //@QueenaQin: 。。。。。 //@拉布拉多拉很多： //@家有seven大懒狗：被气急了…… //@雨莹ra7nbow：好创意阿。就是骂得还是斯文了点。
1	花中真君子，风姿寄高雅。至少我有这样的感受，家人对女儿的期许已经实现喽[爱你]！
1	内地麦当劳要出小黄人啦![鼓掌]@点子总动员
1	网帖《中国互联网十大约炮圣地》[?]：豆瓣Top1；新浪微勃；世纪佳缘；微信；美空；劲舞团；陌陌；QQ；百度贴吧；知乎[围观]不只服务男性狼友、也有唯一“女性视角”约炮网站知乎，嗜才华男的女狼友福利！不过围脖肿么约的？叔落伍了，看来没V就是没前途啊[哈哈]@孤岛森林@有狐焉
1	//@濮童:诸援所显唯自心，性体本离戏论边，不著能取所取相，心不作意佛子行。[合十] //@舞莫停:咋说的那么好呢？是三天影响了我们还是我们影响了三天？[太开心]
1	[偷笑][哈哈] //@武艺: 哈哈..小时候的自己..话说这些日记在小学写的算很不错的了!!! [阴险] 所以请大家关注明天晚上的快乐大本营!!! 明晚电视里见!!! [酷]
1	感谢您的支持! 欢迎常来哈!![太开心]
0	随便你吧 他就是改不掉看妹的习惯 你哭就哭吧 反正他下次找你的时候你还是会心软 活该你难过。
0	我不知道我是不是前世欠谁的（没爱过谁，单身到现在）到现在都没有走出来。对有些人有些好感，但不愿意接受
0	可我还是接受不了看着他去爱别人 看着他成为别人的 接受不了我拿五年青春换来一场空
0	原来失恋是这么痛苦 我们在一起都快一年了 你不是说你是真的喜欢我爱我的吗那你干嘛舍得离开放下我啊[多多大哭][多多大哭]
0	无用的我也只能在现听歌里评论说说心声 我真的好难过想你想到到极致 好想再抱抱你 跟你一起聊天吃饭逛街看电影只要跟你在一起做什么都有意义 我真的好想你啊ljr你知道吗
0	晚上睡不着连抖音都知道你的心情 刷着刷着就哭了 没有人想离开有的话那就是蓄谋已久
0	我知道我删了还会想办法去偷窥他的生活。所以我想又不敢
0	这么久了，也该放下了，我也该开始我的生活了，成年人的世界就要为自己的行为选择买单，以后的日子里，就不会打扰，实在抱歉我的不理智打扰了你
0	他才不会在意你为他变成一个什么样的人 他只知道 现在陪在他身边的那个女孩子他很喜欢 而你 是他提都不想提的人。
0	你以为我不知道回不到从前嘛 我还不是自欺欺人的去找你 可是我错了 是真的只有我自己还在爱吧 我不再打扰你了
0	我只知道当我发现我被删的那一刻心痛的要死快要疯了，于是我拼了命的大声哭了
0	不知道，@半年，我能把他Z回帷Ｎ遥真的e了，我还是放不下，求你了，不要x_我，好不好。
0	那时候等你回消息 ,太困了就开大提示音死撑 ,后来睡着了梦见你回消息下意识就醒了,那个时候我真的好喜欢你.
0	是呀！明明都明白可是还是会犯错，不是你没有记住这个犯错的点只是你见到这个人的时候你就会犯错，错到不应该喜欢他，错到当时不应该离他那么近
0	追了三个月啦，她还是一样冷漠，除夕那天，她突然跟我说，她有女朋友啦……
0	我都明白，可还是三天两包烟，没想到第一次就上瘾了，你知道的，我说的不是烟
0	他说不喜欢了转身就走丝毫不留恋.可我还在原地挣扎难受.
0	可在我满眼都是你的时候你却不信，现在过了那股劲，只觉得满是遗憾
0	先删的人难过吧 因为被删的人或许没有发现自己被删 或许不在意 不关心 或许被删后无所谓 依旧把先删的人放在通讯里 最后先删的人 又偷偷加了被删的人 …
0	从初中那会儿开始喜欢你，也就十三四岁吧，到今天，2021年了，七八年还是忘不了，对不起，我再等等，等到十年，我也该忘了，对不起
0	我什么都明白 但是我就是不死心 我就是不到黄河不死心 我就是要你彻底地告诉我你有喜欢的人不是我 我才罢休
0	“我想念了A很久 中途遇见了B 我很喜欢B 因此我放下了A 现在B走了 可我没有在想B 依旧满脑子都是A.”喜欢了那么多年的人 我该拿什么去忘
0	我明明已经失望透顶 决定再也不理你了 可你一回信息我就又瞬间原谅你了甚至觉得自己做错了你说我有多爱你……你说我身材不好 长得不好成绩不好声音不好所以甚至一句无意的评价 都能让我抬不起头。哈哈哈哈哈哈哈哈哈哈…………我很期待你给我发消息。那你始终没有，所以我选择不打扰你那我们换一下好不
0	“我想念了A很久 中途遇见了B 我很喜欢B 因此我放下了A 现在B走了 可我没有在想B 依旧满脑子都是A.”喜欢了那么多年的人 我该拿什么去忘
0	如果可以 我要他穷困潦倒 爱而不得 桃花无数 却无人真心对他 我要他夜夜想起我的好
0	报应什么的应该会遭吧。我要是和他在一起再和他没走下去，他会更加难受的。
0	心疼我的过去，厌倦我的现在，担心我的未来，有那么一瞬间什么都不想要了，包括我的命
0	明天就开学了我不知道怎么办我数学一塌糊涂物理化学听不懂物理刚有点起色就换老师了英语也是往下掉政治历史早读根本不想背篮球不会打跳绳跳不多我真的不知道该怎么办了我害怕我不想开学我怕我考不上我觉得老师也没怎么对我抱有希望吧也就我哥我哥还觉得我能考上我们那儿最好的高中.
0	我其实连正确的时间都不知道是什么时候，他说可以等，我又很怕后来也会辜负他，所以什么时候我才可以大胆爱我也不知道。我也不知道。
0	好遗憾，你在我不懂事的年纪出现包容我爱我疼我，把我当女儿一样宠养着，可我却不懂，却一直在消耗你对我的热情，然后一点一点把你推开！后来再遇到那些后者才发现他们无法跟你相提并论！！！
0	没有人能明明白白，清清楚楚的描述，爱情到底是什么模样，又应该是什么模样…
0	今天也是我们分手后的第27天 这段时间确实也是挺难熬挺痛苦的 可能还会持续很久吧 你知道吗从最先开始期待的你还能回到我的身边到只要能远远的看着你就好了再到只要能知道你的近况就好到现在只期待你能好好的就行了 我真的很努力的想把你挽回到我身边
0	渐渐的我才明白一个人的力量是有多么的渺小 在这段感情上面是有多么的无可奈何 其实也不能怪你 只怪我没有在对的时间遇到你 这段时间以来我也一直在与时间抗争 关于你 我也不法删除清空 我选择把你深埋心底 其实我特别不想跟你说这些 我知道我说了就意味着什么 我会非常非常难过 以后的每一天我依然会
0	我不明白，我们明明关系很好呀，可是经历过那件事后，他就没再主动找我聊过天了，我现在居然不太敢打扰他了，我是怎么了啊？想想还真是可笑.
0	重新认识一个人真的很麻烦，相识相知的过程太长，慢慢放弃接触，后来发现自己身边已经没有几个可联系的朋友，再去想扩大交际又发现产生一种病态名叫社交恐惧，就这样，陌生的城市一个人过着独居的生活。
0	先删的人难受，毕竟失望多了攒成了无望，当然，也没有了后悔的退路…
0	19岁爱上的人你让我拿什么去忘 分手的时候我没有掉眼泪 现在却哭了 我真的以为我放下了
0	其实那时我也没想通 这段感情你怎么说放下就放下了 直到我遇见下个人 我才明白 只要有人陪我也不知道我爱谁 谁陪在我身边 我就喜欢谁
0	亲爱的周游 我今天受了一点委屈 我突然想起以前受得委屈两三天都想不通但现在两个小时就好啦 我知道你也会觉得我很棒是吗
0	入了心的人，怎能说忘就忘。动了情的人，怎能说放就放，那种爱而不舍的痛，也许此生。最难度的劫
0	有时候没有那么多外界因素，很多时候不爱了就是不爱了，世界上唯一不变的就是变化，有的人明明以前那么爱另一个人，说不爱就不爱了
0	我永远 恨着 那些 说要好好爱我 抚平我的伤痛 然后狠狠丢下我的人
0	你不用冷暴力逼我，不用立深情牌坊，你想离开的话我并不会去挽留你，答应你和你在一起放弃了所有，也早就料到了这个结果，没意外，我都明白
0	似乎都是男孩先爱，女方才爱对方，接着沦陷，再后来男孩不爱了，女方开始卑微，这就是女生的通病，最后满盘皆输
0	一声巨响，我被吓醒了。外面闪电雷声、下雨了。[泪][泪][泪]
0	“人中豪杰，替补鬼雄”[怒]
0	可怜的猫猫[泪]
0	[膜拜了]五仁儿月饼，韭菜馅儿月饼算个鸟啊！腐乳月饼，敢问是王致和牌儿的么[衰]酱豆腐还是臭豆腐[互相膜拜]关于奇葩月饼，哪种馅儿你最不能接受？
0	我想喝酒[抓狂][抓狂][抓狂]
0	这不是逼着童鞋们换三星吗。[哈哈] //@活着活着就明白了:[哈哈][哈哈][哈哈] 忒狠啦，这TM是乔布斯的遗言吗？！//@勤劳的工作狂:靠！必须nano-SIM卡？！[晕][晕]
0	哪?是你？？好可?~~~~//@Mia牙牙：错鸟 是20年 loli 变阿姨鸟[伤心] [伤心] //@欢乐小妞杨不会：翻看照片，才知道拍于91年，到现在刚刚好10年整。感慨一下~//@Mia牙牙：[可爱] [可爱] [可爱] [鼓掌]
0	睡不够[泪][泪][泪]
0	我的个神呢，外面天黑的，雷声轰轰，一场暴雨即将袭来，怕怕，南京的雨总是这样让人讨厌，上下班高峰期下雨。[抓狂][闭嘴][鄙视]
0	帮帮这个孩子 //@常杨Mr_Cy:// @带刀的少年 ://  @齐宏st  ：//  @safin1106  :[泪] [泪] //   @?兆?   ：[泪][泪][泪] //   @骆达华   : //   @赵雅晴happy   :[泪] //    @随风飘落的叶子    ：//    @并州李震江    ：//
0	南洋理工啥时候在90后嘴巴里成了：南三环洋桥理工大学呀[抓狂][抓狂][抓狂]
0	晚上终于有零下三十度的感觉了！一大帮人此时在哈尔滨街头轧马路[晕][晕][晕][晕]
0	稍微看了一下,开始满认真的,越看越觉得可能更适合已婚人士阅读吧~~~~唉,放在一边,以后需要再看咯.....
0	上面的星级打错了，至少应该给予四星,以表示对好书的鼓励!
0	上面大大的字写着：随书赠送精美签名海报的啊？？？怎么只收到书没有了海报啊》》？？？？？还我海报啦！！！
0	上当受骗了！一拿到手才知道不是胡兰成的原著！还那么贵！可恶！为了不破坏我的感觉！我决定不看了！准备哪天找个家伙卖了它！害的我又重新买了两本胡的书 怎么说不要破坏感觉 果然 文采斐然 不忍放手不过为什么总是木有山河岁月这本书 缺货缺货 无可奈何！
0	内容和见地一般，说教太多，很失望。
0	内容还算过的去，不过以文采来说，就一般。说的只是一些大道理不过还是给人些启示的。不过这本书更适合有理想的女孩
0	内容还是贴近商务环境对与职场入门还是有必要的
0	内容还行，但是书的味道有些熏人，孩子怎么看
0	内容丰富，很适合亲子共读，彩图贴切生动，我和儿子读了一遍，儿子就记住了里面精彩的故事了
0	内容单薄，没啥意思。对于没有什么文化水平的人看看是有帮助的，但是如果你是有一定的专业的人就没啥意思了。空洞，乏味，不用半天全书看完。
0	内容比较空洞，况且这只能是娱乐，不能在英语方面帮助我们.
0	男友在报纸上看到这本书的介绍,吹得都上天了,于是乎请我帮他买一本.当当送会非常快,三天就收到了,我一看.我就是垃圾书嘛.现在买书得也开始妙作了,还让不让人活了!我看呢,还是去什么食疗网看看比这书强多了!
0	男的搞婚外情，女的红杏出墙。什么玩意 看了上部的一半就看不下去了，作者想通过这么书表达什么不管，但这种书很容易就传达一种对婚姻不忠的态度，让世人以为这是正常的事情，晕倒。什么和什么嘛。批判强烈批判！这种书也能流行，唉 这时代价值取向真有问题啊。
0	耐着性子看完，不知道作者想表过什么，内容离我们的生活似乎太远了点。
0	耐着好大的性子才把这本书看完。虽然文笔确实不错，但是很为张爱玲不值。
0	那本英文单词的书还可以，其它3本不好。
0	拿了很多别人的哲理小故事来介绍论语，实在无聊
0	拿到以后绝对没有什么特别吸引我的地方，所以至今还没有看。。。。
0	拿到书以后，让我有点失望。内容一般，文字一般
0	拿到书随便翻了下,发现书从154页下一页一下子跳到186页而且字都是倒着的....然后从186页倒着又到155页....后面才正常,,,...看着好不方便...影响心情
0	拿到手后看了几篇,感觉与预期的有点距离
0	慕名买一本来看，看后大失所望。这种作品也就是一小资女自我感觉良好的显摆，却有那么多人热捧，其粉丝水平也就可想而知了。非常后悔买这本书，还我钱来!NND.
0	慕名买的这本书，看完了发现并不像大家说得那么好，而且上面写的东西都不适用，作者的废话太多，没什么实质性内容，很怀疑当当排行榜的真实性，每个人的情况都不相同，但是作者却列举了很多个例来写，并不适合所有的人看！一定不会买第二部第三部来看了！
0	明显是跟 别笑，我是英文单词书的  内容很一般  感觉像拼凑出来的书  买了之后再看当当上的评论  感觉很多是书托不喜欢，不喜欢这种过于明显的跟风书   如果跟的话  拜托也用点心好的呀
0	明明说有货，结果送货又没有了。并且也不告诉我，怎么评啊
0	明明缺货却不显示，没货了也不通知一声，收货时才知道没有这个！当当就喜欢骗人！
0	明明买了6本书，只到了3本，也没有说是什么原因，以后怎么信的过？？？？？？？？？？？
0	名字起的很好,彩图不错,内容很一般,字也少的可怜....不是很喜欢
0	名不符实，内容很苍白，想不通为什么能在美国那么畅销。
0	每一本都是这样的，简直象是盗版书，如果是正规出版印刷，这样的封面质量怎么出得了门？！儿子才6个月，里面怎么样还没有看，以后看了再评论这套书的“内涵”吧。。。。真是的，拿出来把我吓一跳
0	每个小鸡的动作和神态都不一样，很可爱，喜欢画画的儿子非常喜欢书的插图。文字很幽默，我们一家三口同看，笑得合不拢嘴
0	每个人的看法可能都有所不同，也许还在围墙外的我没有用心去看者本书吧，也是听朋友介绍跟风买的，满新欢喜的拿到后一读觉得没有什么意思。情侣或夫妻两个人每家都有每家的故事与特点，我觉得只要用心就好了。。。。
0	媒体炒作得太厉害了，平时没有时间看电视，慕名买了书，恭恭敬敬地拜读，却发现其实一般般。
0	没有中文字幕，而且也没有中英双语。更气愤的是，有3张是米老鼠！！
0	没有预期的好。看过之后觉得更加不信任国内的所谓心理师。千万不能轻易去咨询。
0	没有有价值的技巧和方法。。。网上随便查查信息都比书上的全。
0	没有音标,这一点已经将其他所有优点都淹没了
0	没有宣传的好，介绍的并不详细。可操作性不强。好象还是吹的成分多一些。
0	没有象某些人所吹捧的那样好!内容怪怪的!
0	没有想像中那么好看,很平淡,让人没有耐心看完
0	没有想像中的好，也没有介绍的那么让人感兴趣．
0	真羡慕那些一来就找到了天长地久的人的女孩子 
0	我想知道你是从什么时候开始不再爱我，可惜没有机会再见面了 
0	改不掉一生气就不说话，一委屈就掉眼泪的毛病，我也不想这样，好像无时无刻都被巨大的悲伤包围 
0	自己问自己答一些如果。你隔多久会招惹新的我 
0	没有人会突然不爱你 只是你突然发现了而已 
0	我的深情没有好结果 
0	最害怕的就是得到过就再也得不到了 
0	我才二十多岁，没遇到喜欢的人很正常，往后我应该会发现，大概是遇不到了。 
0	邹云鹏你混蛋，这次你真的再也找不到我了…… 
0	认真想清楚到底喜欢谁吧，不要变成对彼此的伤害 
1	这就是薛之谦！ 
0	我想回到2020年10月24日，那样我就可以不在遇见她了.我就不会跟她要联系方式，就不会心动. 
1	不是每首歌都讲爱情，他的歌围绕着这3个话题:  遗憾的爱情，畸形的社会，逝去的青春 
0	你们说 如果在还没确定关系之前 也没有发生过什么轰轰烈烈的事情之前 突然喜欢上了另外一个人怎么办 
1	如果你刷到我 愿你嫁给爱情 
1	没人能听得懂老薛的歌. 
1	后来呢？蓝胖纸有没有对七喜伸出圆手[哈哈]
1	@小?  [嘻嘻]
1	鸡屎藤，从小吃到大[哈哈]
1	//@迷途小老虎_yiyi: 全有呢，太幸福了！[哈哈]
1	只要你把好的方案提交过来，我们肯定帮你把活动搞起来啊//@岩小岩: 这个活动好！不过我有能力举办，但是我需要赞助，怎么办？[嘻嘻]@桥北的主儿Jimmy @随意960 @燕兹
1	倒数第三就是第一个啊，我也喜欢“过”，嘿嘿嘿[太开心]//@辛小鸡:倒数第三个老子也喜欢！//@Picara: 正数第5个&倒数第三个~//@绒绒超级无敌: @moi三叶草 @Picara 你们喜欢哪种？我选外国的内个型。
1	在雪地里走走感觉真不错，神清气爽，有点儿弥补了昨晚熬夜的副作用了！那谁，告诉我的小半站地，我的天，还真是不小啊。[嘻嘻]
1	这里可没我。//@应宁相声演员:说相声的、播相声的都是一家人！！[鼓掌][鼓掌]
1	《三联生活周刊》应该出本京范儿[嘻嘻]
1	MontBlanc，低调的奢华，赞[爱你]
1	[哈哈]嚓！果然是我！霸特哥们把自己嫁出去了，如此总结一下，哥们是多么的牛逼蒋老师是多么的包容啊！！//@曾焱冰: @大冷要冷静 眼前就是您 //@赵赵: 特别像你 ！@刘阿伦 你喜欢伐？//@祁木兰: 特别像伊娜 @屈天鹏: 特别转给最近要变成娇娇猫的@祁木兰
1	这种福利，一定要多些！！//@京津新城凯悦酒店: 祝好运啊，第一次大奖将于今天揭晓咯[让红包飞] //@乔zLJ:[爱你]
1	可喜欢他小时候的可爱样子啦，太可爱可爱了……[可爱]
1	嗳哟，新手机[偷笑] //@小忻大爱: 我想谈恋爱//@Eric周?:挺温馨 //@Winny妖妖:真傻[爱你]
1	好地方，好摄影[鼓掌][good]
1	回复@valaleslie:也是一景，语言的力量，谁知道上面写的内容究竟是什么么。 //@valaleslie:[可爱]的双语警示
1	真真好味道！[赞]//@kittyfunny:@时间博物馆  千里空中运回给你的正是这家的金牌拿破仑，吃完记得给好评噢[哈哈][哈哈][哈哈]
1	[哈哈][吃惊] //@博斐秀禾_偏威津:介一笸箩爆米花得吃到哪辈子去？
1	这是受了多少委屈~~~说起“整”导演~~越说越开心[哈哈][哈哈][哈哈][嘻嘻][嘻嘻][嘻嘻]
1	[话筒]//@择手段快餐慢饮: 饭菜棒滴食材来自我们滴@心安农场 [嘻嘻]
1	//@靳羽东: [哈哈]//@万律李靖: 后面跟了一串上厕所的 //@靳羽东: 现在坐高铁,很少听到了,反而开始怀念起来,那些年做绿皮火车的岁月.......[可爱]
1	回复 @verinita:后来就是小胖怒了[哈哈] //@verinita:回复@美女也爱说相声主旋:你们太伤人了。
1	神清气爽的一天，放个红钢开始干活。身边老是有双迷恋崇拜我的星星眼盯着我好分神啊[哈哈]
1	#早安 me语#[叶子]晨光中，灿烂的阳光，在这一刻绽放，化为那淡淡的忧愁与无尽的沉思，因为，今天周五了[嘻嘻]~早[叶子][叶子][叶子]
1	【欣。茶】速速回来，买到这个。顺带再来抹茶面包当早餐～很少吃冰棍，真不知道八喜有这个。好开心啊，想吃茶的时候就他啦[太开心]@周围around @文艺卷儿 享受中。。超好次。。[馋嘴][馋嘴]
1	#简朴柬埔寨#在暹粒看了三天大石头，从小圈大圈到外圈，感受到了来之前朋友们所说的审美疲劳。但不虚此行，我一直认为这种窟类的建筑每一年都不一样，看一年少一年，还是很值得的[可爱] 我在这里:http://t.cn/z8Au0eJ
1	寻找最美的风景，画卷上的婺源。 //@简白: 太美了！！！[鼓掌]//@唐绣儿游记: 婺源，哟，这片儿，太清秀了也~~
1	我叫孙小野，我有王先生。咱俩快一周年了哇。//@文章同?: 我叫文章我有马伊?！小妞儿，纪念日快乐！哟?吼?[爱你]在美国过纪念日还是蛮嗲的！
1	当真？//@中国合同能源管理://@人权监察员: //@身-尘心空: [鼓掌]贪贪情同手足[鼓掌]//@张明文CBD: 本朝记事//@身-尘心空:义气//@马召宏: //@戴政:没到服刑时间啊？减刑了？
1	[鼓掌][赞] //@来点情调儿:希望我的狗狗长大也能这么勇敢
1	也太低了吧.[嘻嘻]
1	[爱你] //@黄土谣biangbiang面: 黄土谣可以提供技术支持[给力][围观][威武] //@视觉传达东玛: [围观][给力][威武]积极响应
1	以前出门，米娃都会面带微笑小手挥舞时常还给你一个媚眼儿，让你心醉。但今天，几次离开她都身体前倾面露不舍，若再磨蹭几秒便准备拉开架势哭一鼻子啦。宝宝长大啦，一晃之间，好多的曾经都已经开始叫我留恋啦，俗话说：幼苗不愁长啊！感慨感慨[爱你][亲亲][亲亲]
1	发个MV直接第一？！ 
1	下次恋爱一定要从收到一束玫瑰和正式的告白开始 
0	感受不到爱意，又不能全身而退。 
0	已经不再相信任何人了，包括我自己 
0	明知道我爱你，可你就是不要我了 
0	他说过会一直爱我一直陪我他没做到[大哭] 
0	一时兴起是我对你不该的愧疚，见色起意是我对你最大的侮辱，患得患失是对我最好的惩罚，执迷不悟不过是我自作自受罢了 
0	曾被全校的人疯传，现却少了她 
1	他每首歌都讲爱情吗。。 
1	告诉你一个小秘密，用两个手指往屏幕中间同时滑屏幕，就可以抱抱我哦，不信你试试！抱了要留下消息哟，我要抱回来[多多调皮] 
0	不知不觉 我们都变了 好像弄丢了从前的自己 现在的我 变的不善言辞 学会了沉默 学会了懒得去解释 学会了默默治愈 更喜欢独来独往…… 
1	MV里所有字少掉的一笔，刚好凑成一个“爱”字 
1	默默的喜欢，总比说了做不了朋友好。 
0	散伙是人间常态，谁都不是例外 
1	一生不长，只争朝夕 
1	回暖的温度，不及见你时情绪的热度 
0	最傻的事我还问过他有没有爱过 
1	原谅你了，我爱你啊 
0	你一定很累了才会对我视而不见 
0	我试过好说歹说都不再有效果 
1	你会遇到更好的，因为你值得拥有更好的 
0	都说爱情非黑即白，你却让我迷失。。。终究   是我爱得过了
0	忘了，你并不爱我 
0	生活挺难，一边要准备中考一边又被你左右情绪，而且我也是真的不明白，一个人，怎么能在两个月的时间里就变成这样了，明明之前不是这样的啊，明明之前对我很好的啊，明明之前从来不会用看不起的眼神看我的啊… 
0	她爱我 她真的会爱我吗 还是逢场作戏 无关爱情 无关友情. 
1	我 希 望 2029 年 还 是王 彦 力 
0	恋爱要从正式的告白开始 而不是稀里糊涂因为新鲜感在一起 最后又莫名其妙的分开 . 
0	你总是和别的女生搞暧昧，我和其他男生玩的好都不行，凭什么啊，我也是人啊 
0	后来再也没有我们了 
0	要是当初没有同意，还会是这样的结果吗。 
0	好吧我承认，我长得不好看，身材不好，性格不讨喜，脾气特别差，但我也是女孩子啊，难过的时候也会掉眼泪啊，为什么因为我的身材就否定我的一切，我知道长得好看真的很重要，但我也没那么差啊，为什么要那样说我。 
1	我们都在长大，都在变好，过去就应该被埋在土里，而不是长出来绊住我们的脚 
0	这也不是新歌啊 
0	他自己的版权所有，都是自己的……那你还有什么拒绝的？ 
1	我还喜欢你，你呢 
0	没有人突然不爱你 ，只是他不需要你 了 
0	“你喜欢我是不是因为我身上有她的影子” 
1	现在是2021.22.05 我们在 一起听这首歌 不知道你会不会点开评论 又能不能看到我   我真的 真的 超想和你有以后 
0	爱是软弱，我不爱你了 
0	每次听到这首歌都想哭。静静，小雨，晗晗，玉儿，丽丽，玲玲，珍珍，小雪，慧惠，欣怡，若儿，薇薇，晴儿，兰兰，彤彤，丹丹，妮妮，妞妞，萌萌，梦梦，晓涵，琪琪，思思，羽羽你们都还好吗 
0	我听这首歌听哭了
0	“他不是我的树，我也不会是他的花。” 
1	“两个人相互辉映，光芒胜过夜晚繁星” 
0	我目前喜欢上了小八岁的人。但他有属于他的前女友 
0	以后没结果的事少做，不追问不揭穿你的冷漠… 
1	还是那么喜欢听薛之谦的歌吗 
1	大概三年了吧，你知道吗，我还喜欢你 
0	眼泪流下来 真的是疼的 
1	一定要去一次谦谦的演唱会 
0	可是，终究还是没能抵挡过现实的残酷. 
0	其实星星一直都在，只是我们看不到 
0	建议不要吧..很久后想起..会觉得自己很傻的 
1	人生有四喜“金榜题名”“洞房花烛夜”“久旱逢甘霖”“他乡遇故知”。你来人间一趟，总会遇到一喜的 
1	抱抱，加油呀好好生活呢 
1	谁能想到一个00后喜欢这歌呢 
1	一发新歌评论都是破10w 
1	爱意随风起风止意难平 落日也好晨曦也罢 晚风起时 我在想你 希望你每天开心 更希望你每天开心的是我因为我 晚安。 
1	所以把你归还于人海茫茫。太爱你了薛之谦！！！ 
0	再爱就不礼貌了，只想在他心里是那个可爱听话的女孩子，不想是那种为了爱胡搅蛮缠的疯子，不想让他烦我 
1	“继续暗恋” 要去见你，要不留遗憾。 
0	现在还记得，患得患失 患失患得 实际上我从来没有拥有过 
0	他没错 他只是不爱我 
0	没有我期待中的好看，或许喜欢看小说的人可以尝试看一下。
0	没有特别实质的内容,很泛泛,如果再深入生活一点就好了
0	没有太多的衍生，感觉一般，没什么特别的感觉
0	没有他们说的那么好，根本就提不起我的兴致
0	没有塑料包装，也没有同事说的送记单词本，感觉有人用过，不爽
0	没有什么新意，给刚出校门的人看看还可以。
0	没有什么太大的感觉，读了一半就放下了
0	没有什么内容的一本书，也没有什么特别的观点。无非是简单的故事拼凑，加上几句空洞的说教，无趣得紧。如果非要买，建议16岁以下的可以尝试看看。16岁以上的，就免了吧，里面讲的，我们应该都已经经历和体会了。如果还没有经历和体会的，那么相信我，看这本书也不能改变你什么的。本书最精华的部分是陈雅琳写的序，倒是真实得多。“请忠于自己所认定的幸福感”，是这本书给我留下印象的唯一一句话。
0	没有什么感觉，不太实用，买了几个月了还没有看完，实在无聊才翻看
0	没有深度。更关键的是单词根本记不住。很是怀疑排行榜的真实性
0	没有期待的那么好看．觉得炒作更多点。
0	其实我自己是知道答案的，之所以问你也不过是给自己一个心理安慰罢了。 
1	爱了爱了，好好听[亲亲][亲亲] 
1	你会多隆重的来邀请我 
1	想起来当初也一起用过情头了[多多耍酷] 
0	早知道就不要去招惹他 
0	我才不会问你爱不爱我，其实你从来就没有爱过我 
0	我擦。。。你们排着队挤兑我哩！！！！[抓狂][抓狂]
0	苍天啊！大地啊！您还真下雨了啊！[抓狂]
0	回复@黎恒路:是球迷失眠吧。 //@黎恒路:杜局，失业了啊，[泪]
0	//@假装是厨神:[晕] //@我就是这幅腔调:[晕]//@王颖007:[晕][晕]//@段贵发:信息量是购大
0	呵呵！终于找到一个了。//@MyMeowLovesLOMO: @lomo小强 [嘻嘻][衰] 今晚有个演出我差点给忘了。。。
0	弟兄们顶住！挺住！忍住！  //@菲比不能太物质: 疯疯疯[抓狂] //@翟旭鸣-at-Audi: 有有有
0	烂货一个!必须人肉之![怒]
0	回覆@邱西-xi:[酷] 明白！！ //@邱西-xi:好吧，我?在陪我表姐出??衣服晚?回去?！[害羞] //@蔡蔡只是路人乙:回覆@邱西-xi:[挖鼻屎] 在??她?看到的，白?西！！！晚上????！！哈哈哈 //@邱西-xi:回复 @蔡蔡只是路人乙:咱??需要???？[抓狂]
0	[晕]不懂hdmi...为什么我想早睡，偏偏让我失眠，为什么。。为什么。。为什么
0	给你攒着，各种口味，我已经和三里屯北区星巴克的员工混熟了[偷笑] //@唐小?:没喝到，很不开心！！！[泪][泪][泪][泪]
0	[泪][蜡烛]想骂人，骂谁呢？//@恐怖大王李西闽:[蜡烛]//@我的牛棚我的牛:唉，一根蜡烛，愿他们在天国里有丝丝温暖。[蜡烛][蜡烛][蜡烛][蜡烛][蜡烛]
0	长了颗大大的痘痘在脸上，又大又红，我介是逆生长么[生病][抓狂]
0	//@丁辰灵:同桌的温州老板说，这么搞下去，温州商人都把钱撤出温州了。温州人的鸡的屁和温州的鸡的屁要差距越来越大了。 //@侯宁: 任何企业都不经查？[晕] //@欢乐可子:任何企业都不经查,屎盘子随时扣你.想和政府做对找死! //@侯宁: 听你说，温州的星空终于可以看到星星了？
0	//@乌琳高娃：我4岁时也走丢过，可能因为胖，吃的多不好养被找到送回[太开心]。我妈当时都急疯了。想想真幸运，小孩没爸妈太可怜了[衰][衰] //@Eilean小岛: /希望能尽快/@乌琳高娃:怎么会这样。[伤心] // @轿车情报主编李耕 : 希望安全 找到
0	得承认，好多坏习惯是电商们自己惯的。//@坏人:这种情况很正常.商城 @EP_David  也说过这个问题,他们的一些高端的小西装,晚礼服,这种情况很高,还有一些带有香水味道的.......[衰]做电商了,你才知道,啥事都可能发生.目前也没什么好的办法.
0	虽然，刚刚吃完午饭的我前一秒钟还在嚷嚷着撑死了。但是，此刻电视里正在重播#舌尖上的中国#，恰巧看到了我的大爱---董氏烧海参[花心]。瞬间，我泪奔了！@大董大懂 海参能外卖不？@陈晓卿 负责结账！  [泪]
0	@中青报曹林 曹老啥看法？？//@王永: 又是南京！南京！南京，真难呀！[鄙视][怒]@袁裕来律师 @岳?山
0	可怕又可敬的亚马逊!!![抓狂] 
0	//@黄珏JJ: 请问什麽酸奶是可以吃的呢？//@苏雨农: 吃什么不是毒啊[怒] //@朱德付:同志们，现在开始广播啦。。。
0	没人性，枪毙[怒]@吉林公安：据嫌疑人周喜军交待，3月4日上午7时许，将停放在长春市西四环路与隆化路交汇处的为家超市门前的一辆银灰色RAV4丰田吉普车盗走后，驾车直奔长春至双辽公路。途中发现被盗车后座上有一名婴儿，车辆行驶到公主岭市怀德镇至永发乡公路旁，将婴儿掐死埋于雪中。
0	感人的歌曲，催泪的歌声，歌手贡保顿珠深情演绎海外同胞的思乡之情[给力][爱你][泪]【歌词大意】你们好吗朋友，这里一切安好，大家平安顺利，就在家乡团聚；坐在羊毛垫上，诸位吃好热饭，清静悠闲当中，诉说心里话儿；洁白无暇哈达，高高举过头顶，一步两步向前，相见父母尊容。（转发欣赏 本人译）
0	人间胜景。 //@Flying-Soft-Rock:// @姬十三 ：感动// @立晖 ：[花心] // @周董 ://  @黑摇  :好浪漫……[泪]
0	唱情歌的男人最?，?情歌的女人最美！[太开心][太开心][太开心]?老?跟寇老?，叫人心?喔！?我???盲?吧！//@寇乃馨:“男人不??女人流?”……除非是感?的“眼?”[泪]
0	北京啊[衰]唉！
0	[泪] //@潘石屹:祈祷，祝这位伟大创造性灵魂一路走好。脱离痛苦。走向充满爱、光和美妙音乐世界。 // @张欣 : // @新浪美股 ：[蜡烛]
0	//@余胜海:中国教育的悲哀！[蜡烛]//@郭洪钧: 罪恶的根源在中国现行教育体制！罪魁祸首就是教育部庙堂里的大老爷们！[衰][衰][衰] @王久辛 @北村 //@京城浩子哥: 呼吁给孩子天真快乐的童年！别让写不完的作业！成为孩子青春和生命的杀手！[话筒]
0	[衰][衰]//@倾听天堂之声: 没有隐私了，又一次…
0	最后一天输液，疼[泪]
0	匪夷所思的血光之灾终于降临啦！珍爱生命，远离吉列剃须刀！[泪]
0	[泪][泪]//@全球电影收录: 生命中的感动、珍惜…
0	翻唱＜菊花台＞[赞]//@徽州小生V:明月千里寄相思，暗恋，星，经典一一重现[泪]//@徽州小生V:热情的沙漠，劲歌劲舞[哈哈]//@徽州小生V:回复@音乐人_孙川:凤姐的约德尔唱法绝了[赞]@陆通-约德尔 //@音乐人_孙川:[good]
0	[心][伤心]//@环球热媒体: [话筒]救救孩子…转
0	真难过[泪]@袁小虎儿 ，好可怜，希望狗妈妈的3个孩子能去到好人家 [泪]我们都有一颗爱狗狗的心? 一起关爱狗狗
0	最悲催的事就是提前下班但是你没有家门钥匙[泪]
0	我勒个去，这会儿感冒是想要我的命啊！饿?困?难受?[泪][怒]
0	?水蛋好old school 啊 //@pandamen趴打文:因??水蛋是?品. // @美食冒?家Gastronaut :半熟蛋比?普遍。 //  @foodjunkies  :回复    @美食冒?家Gastronaut   :在星洲早餐就很常?呀~~ //   @美食冒?家Gastronaut   :我没食??水蛋[抓狂]
0	回复@壹荷独秀:[生病]不要哪 //@壹荷独秀:回复@挚爱净土golden故乡:[嘻嘻]还想等着众人齐呼“万岁”啊？ //@挚爱净土golden故乡:我想说，对我身边的人来说，那个朋友其实就是我。[悲伤] //@航旅纵横: [偷笑]爆笑耶！你们身边是否有那么一个朋友，总是让你为他/她的智商捉急？
0	走廊医生事件是公德沦丧的标志事件，比恐怖主义更恶劣！[衰]//@快乐四四1009:医生都紧跟邓小平向“钱”奔了，走廊医生遭遇全院抗议说明了一切。加强医生道德教育，严惩犯罪分子伤害无辜。 //@于洲:社会都要整体沦丧了，医院还能独善其身？一个医院逼迫走廊医生辞职又是怎么回事？
0	没有介绍的那么好，也没觉得可以让人茅塞顿开的感觉，总之对记住单词效果不佳。
0	没有介绍的那么好，还不如看点英文散文或者直接看美剧
0	没有多少实际内容，东拼西凑哇……浪费了银子
0	没有多大启发!大部分内容都是自己知道的!不建议购买!浏览一下即可！
0	没有大家说得那么好啦.感觉有点太牵强.也不是很容易帮助记忆.我都是学英文得了,也觉得难,更不用说没有学英文得读者了,我想.
0	没有标准音标，没有想象中好，适合无聊时翻翻。
0	没意思不喜欢这样的语言闲着无聊读读也可
0	没意思，把庄子写成了一本心灵鸡汤。
0	没想像中的好，行文太随便，只是小品和书信的随意结合体而已。谈不上系统的知识介绍。
0	已经不记得上次输液是啥时候了，估计得有6.7年了，这次输液的原因很可耻[泪]
0	你真烦，又招我哭[泪][泪][泪] 我看个广告都受不了，都能哭好几且，你还发这个，讨厌鬼（有你相伴很快乐，我会好起来的）//@常静-riki:@胡爷-胡美丽 经典 
0	@DorothyMa 吃了一口才?得?呀！[抓狂]同好多年前?的味道差不多?。 @Geoffrey_胡先生 一?都唔???[偷笑]。@?食能手 也喝了一口，他?：好似柚子汁?！
0	//@YouTube精选: [泪][泪][泪]You are my sunshine, my only sunshine.
0	愁死我算，这玻璃可怎么擦，怎！么！擦！[怒][怒][怒]
0	[泪]早上好，一天的飞机行程开始?困困困
0	完了！！！我男神都去当兵了！[伤心]
0	大连的解说好二啊：一个说，咦，今天裁判是外国人吗？另一个说，不是吧，是中国人[衰]
0	呃~生命只有一次啊~[抓狂]//@老乌鸦_杨峰:@简白 @胖子爱宅 @泡鱼儿 @FM104襄阳之声 @楚天襄阳网 @襄阳知道网 @襄阳汽车热线 @襄阳今日播报 @襄阳晚报 @襄阳汽车广播@杨潇同学 @苗孜孜 @茶叶的视野 @襄樊咩咩羊 @主播橼橼 @二手咸菜铺子大叔 @陈三笑 @高天高兴   @我是胖头叔 @Hi_柳飘飘 @襄樊谈客 @
0	对了，依然是如此屎的耍帅摆酷姿势[衰] //@BTV祖冲冲:哈哈哈。我们还奋战在一线好不好！！我最近不知怎么了，说什么什么准中！你怎么安排呀？要不要接见一下呀？
0	每次看到流浪狗过马路总是很揪心，可怜的狗狗惊恐无助的眼神久久不能忘[泪][泪][泪]
0	深夜不想入睡啊可是尼玛明天还要值班擦！！！[泪][泪]@Hi_?少爷 @Mr_JayChan @ZA指尖
0	回复@钟文凯: 到底是他 还是 我？[抓狂] //@钟文凯:英版Six Memos for the Next Millennium里是"When I woke up..." 我不懂西语，但原文前半句似乎无主语... 醒来时，恐龙还在。呵呵 //@张永和:回复@Mr不思?: 看来真是 他， 我 错了。 感谢！
0	木有过程图,木有产品po,只有无尽的美图秀秀……单反下的毛孔无所遁形啊[泪] 大家随便看看，轻拍哈！
0	目前为止听到的最好的声音[good]//@啾啾PlusOne: 太感动了T-T宇宙好声音[泪]...//@姚晨: 亲，我在你的歌声里哭了...[din白旗]//@俞白眉: 正宗好凉茶正宗好声音。加油，你是最棒的！！//@赵赵: 好听[爱你]//@乔小?: 太好?了，想起了太多往事。//@白洱: 听哭了
0	@北方的纳努克 你也是靠卖碟的成长起来的。//@马良: [泪]同意标题。//@朱骞://@沈奶油: 十五年前在曲阜路的阁楼上李氏兄弟的家，进去是音乐海洋，有点脏，一般我喜欢她老婆在的时候买，他懂行情，要价高，小时候华亭路，亚新后面的电子市场和苏北姐妹的盗版小店好货不少，人生多少十年。
0	[偷笑]江湖人称崔大善人[鼓掌][鼓掌] //@莫小奇棋://@中俊崔春婷:回复@贡乔卓玛:几员大将[嘻嘻]自投罗网[泪] //@贡乔卓玛:恭贺崔总收新人[偷笑] //@中俊崔春婷:无利不起早[偷笑] //@金牌厨师--磊磊: [偷笑][偷笑]我有好大姐 //@中俊崔春婷:回复@蔡文军V:这天大的秘密都泄露无疑了？@江荣生
0	感冒真痛苦！[委屈][睡觉][失望]
0	总裁杯羽毛球比赛迟到，被罚了三百[泪]请假不管用啊！
0	昨晚在大沼泽地，遇到原住民的热烈欢迎，上来就是又亲又啃，弄得我措手不及，怎么赶也赶不走。我用中英文说：菩萨们啊，我远道而来，不容易啊，别这样好吗？太主动了！[月亮] 早晨醒来，粗略地查了下，上上下下不只30个大红包！连某些地方都不放过啊！[衰] Mosquito~~ 我在:http://t.cn/zYv8Tkd
0	…深闺怨妇飘过… //@上线月下: //@超级khuntoria控：萌  //@哈困那维塔塔:这小眼神里隐藏了多少复杂的情愫？被PD摆一刀的尴尬？遇见她的手足无措？对阿宝的小小埋怨？她在乎了。。。蕾蕾已经不是当年的蕾蕾了[泪]  //
0	你是让我去跑么[衰]
0	//@顾长卫://@左小祖咒: //@姚晨:祈祷战士们平安！[泪][蜡烛]
0	好久没练瑜珈，今天去上了一节课，当做到撑拉动作时，教练指着我说，哎哎哎，那位同学，你不要做了，你就这么趴着就行，趴着就行！。。。太伤人了[泪]好歹我也是练过的[泪]
0	@徐大胖妞 好像从这周就开始虐了 不想看了[泪]
0	带个老外徒弟真心不容易啊[泪][汗]，不过想到明天可以开始我的悠长假期就无比嗨森[哈哈] 我在:http://t.cn/z8nOHFe
0	这个数字有点恐怖。[衰]//@薛蛮子: //@老榕:山西忻州一个地方就3万？
0	有些忘记真是不可饶恕，比如我总是忘记回公司的路线，比如我忘记了自己食指上的戒指竟然跑去揉眼睛[汗]一个是失业，一个是毁容，这一大早的让我情何以堪啊[泪]
0	#下班欢乐多# 相传，齐国有战神兰陵王长相俊美，常年以面具示人，有一天，他终于露出了真面目?????（转）不要黑我四爷…………[泪]
0	哎~受不了了！狗狗走好！[泪] //@迎风流泪王小姐:我能明白这种痛。尊重生命是最起码的。 //@马伊?:我绝不养狗，因为我知道不能承受失去它的痛苦... //@樱桃心心2011:我是不养狗的，但是既然付了钱，上得了飞机就应该负责安全！这一样是一种付费有偿服务！//@翟昌瑾小小小小小小朋友: [泪][泪][蜡烛]//
0	原来洗牙需要定期执行阿！天天出血[衰]明儿去医院问问 //@营养医师王兴国:最有效的措施是去口腔科洗牙，定期洗牙；偶尔有效的措施是服用VC；无效措施是牛黄解毒片（其效果与啥也不做相当?会自行好转的）。
0	//@何兵: 转 //@章立凡: 毛粉说了，不准追问“文革”发动者的责任，否则就是“报私仇”[抓狂]……
0	刚才困到不行，躺下又精神啦，已经几晚没怎么睡了，睡个觉怎么就那么难？！！！[泪]
0	快板《同仁堂》。。。//@Francesca依旧在等逃避星人回来:让我听见你的声音  好像有滴凄凉//@Grace_YueSe:As long as you love me //@阿咚咚咚喵: 爱有路可退[抓狂] //@gugu需要勤俭节约:月迷风影，感觉好凄惨//@灰_______: Be strong...好
0	?底?了[汗]明天站哪是???[泪]?明天打兔子去
0	哎！这就是时代下的人们！呸，不对。~~[怒骂]
0	吃的七零八落才想起照相[衰] 
0	//@daizw2006：[失望] //@钱文忠：还没有找到，拜托大家再转转//@菜花朵朵开放：//@陈季泓: //@一毛: //@戏剧小宝贝：//@方哥888: //@微笑的白羊龙女：大家一起转//@电台梦晓：祝福老人家早日回家[心] // @钱文忠 : 请大家帮助，发文者是我熟悉的好朋友
0	[衰]@糖药七小七 @大寒江 //@Shania108: @简单_就是顺其自然
0	求我和她的合影！！！[晕]
0	所有人都说我胖了@静建俊城 @快乐素彤 苏@卢全荣elva  @青岛马琳 ，只有@QTV大豆  说没有，大骗子！[泪]
0	下一阶段的奋斗目标是把作息固定调整在2am前睡觉！[熊猫]立志改变我的晚睡拖延症！[抓狂]我都有眼袋啦！[失望][泪]
0	l[泪]
0	被质疑的时候十分委屈，只有心理肮脏的人才会心口不一并以自己的习惯去揣摩别人的行为[怒]
0	[怒][怒] //@Meng-F:无良司机额！！
0	完成法定工作时间后，@礼志 编辑部又继续非法了多时，猛然间某人提出今天是4月1日，这日子都过荒了，连一个谎话都没来得及说[失望]能＂说谎＂说明还有激情，如果连谎都懒得说了那就是真荒了。
0	身为资深受迫害妄想症，我极度怀疑这是一种类似电话响一声就挂的骗术。今天收到2次了，都没字。之前的短信删了，不知道是否同一个号码。[晕]
0	//@任卫新: 必转！[怒骂]//@夹帧: 值班编辑发错图了，看“发自于ios” ，明显不是手机，应该是苹果电脑。淡定些吧！[汗]//@伟荣P实说: //@上海老哥: [吃惊]
0	回复@杨锦麟:[晕]还有这么多朋友在。。。 //@杨锦麟:吓我一跳，还以为是墓地呢。 //@梁锦江: 是谁帮我改名？[晕]  //@Fatcat的一些事一些情:吓xi我勒。。我还以为是@梁锦江 呢。。哈哈~~[哈哈][哈哈]原来是梁锦松。[衰][衰] //@梁锦江:是谁帮我改名？[晕]
0	在狮子会的大家庭里，那里有需要，那里就有爱! //@心灵之旅倩瑜狮姐:[鼓掌] //@可可西里101:[泪]你们是孩子的贵人！为孩子的事连续几晚深夜开会筹款！老天爷一定会庇佑小杜好//@善泽旗峰狮爱莞邑//@狮海扬波@V陆照祥@大地主--狮子会孙大圣@广东狮子会@广东狮子会和谐服务队@广东狮子会火天丰德队@狮家
0	太可怜了，快救[泪]
0	开始了，happy hour，33一瓶。帝都人民真心伤不起[怒] 回头带半只庸记烧鹅回去。最好的手信啊
0	时间不早了，各位吃货晚安，明天一起床，你们就会发现一件令人悲伤的事情，那就是：再过两天就要上班了[泪]
0	这两天一直和总部交涉2013年商业计划、发展目标、总部就是总部、三个人欺负我一个人、我认输了、因为这三人说的确实有道理、账算得精准。[泪]
0	有的是机会 //@如意说相声: //@忽略的马甲: [衰]周六运动会 去不鸟...55555....//@宏春社后援会: 10月22日（周六）14：50 红星第二届北京青年相声节#获奖专场# 西大望路 顺兴老茶楼 顺兴相声大会 [跳舞花] 祝贺获奖演员
0	真的耶，我也是打小儿看你的节目????????????吓大的[鼓掌] //@文怡:回复@Wsunny灬:我就。。。。。。怒摔[怒][怒][怒][怒] //@Wsunny灬:关注那么久，看了这张图才知道你就是我小时候看做菜的主持人，我了个去，小时候就想吃你做的菜
0	人最可贵的是有自知之明，最可怕的也是自知之明，我向往那个愣头青的年代，谁也看不上，谁也瞧不起，我什么都不是但是我就是最牛的，有了自知之明那就太可怕了，知道什么是好的，知道什么是对的，可自己就是达不到，唉，别抱怨了，抓紧吧[泪] 我在这里:http://t.cn/8kRRpHe
0	//@紫燕雅然: 回复@一斗自然全:美妙意境... //@一斗自然全:杏子梢头香蕾破，淡红褪白咽脂?。 //@紫燕雅然:诗家偏为此伤情，品韵由来无人争。解笑亦应兼解语，只应慵语倩莺声。【唐.司徒空】 //@塞外江南的围脖:不会吧，在则克太或71团都有房间呀？[晕]
0	这里的交通真是伤不起，8：00堵到10：00还堵[泪][泪][泪]
0	我最爱吃什么呢？[偷笑] //@幺蛾子来了:这。不。科。学。[抓狂][抓狂][抓狂][抓狂]  //@DJ陈弓:什么可以唤醒我？@黄小丁molly:@箫大帮主箫鸣 @DJ陈弓 @DJ勤妹 @熊丽电台 @盛博 @主播高峰 @DJ飞飞哥 @幺蛾子来了 @seven陈浩 @主播羽佳 @陈倩冰 @赵剑_恶魔吹着笛子来
0	[晕]为什么呢？//@陶然万柳世界://@新出版张金: 引起关注了~//@永恒铁牛: @叶新 @新出版张金 又一批出版社挨批了 今年出版行业事多
0	这是我的[泪]
0	现在山寨太多了！！连老柯也被人山寨鸟[泪] [抓狂] ！@大董大懂 @好酒好蔡   @乌托邦大观园主 @郑宇晖 ，请多当心！！！
0	转！救急！//@高诗语:@徐德亮 @愤怒的黄猫猫爱迟到 有人能协助我一下吗？很想救它[抓狂][泪]
0	真的是社会新闻看多了，导致每次有人来送外卖送快递时，我都会伪装成家里还有另一个人的样子，在门口二逼兮兮喊老公快去关水关灯什么的，然后再若无其事地打开门[泪][泪] 这个鲜活的例子，献给传播学中李普曼的拟态环境。@郭庆光_人语天声
0	照相时候点的眼神永远那么猥琐 [衰]
0	申城是哪里，子地是哪里? //@王小亚:申城[衰]
0	//@她的双城记: 其实复古系列性价比的确不错，适合瘦长型男//@P党老大ivoryso: 回复@delia0816:咣咣铛铛的[泪] //@delia0816:嗯，真遗憾 //@P党老大ivoryso:回复@豆包:我买了只发现噪音很大[晕][泪] //@豆包:歪七扭八，不成样子。。。。。。 //@P党老大ivoryso:豆哥那只现摔成咋样啦？
0	[失望]//@王克勤: //@大爱清尘: 【640余万词条，唯“尘肺病”最令人窒息！】
0	好累，[悲伤]都懒得下班了???辛苦了一天又一天，连个水果都吃不上[怒骂]?我们总是被人遗忘的一群人。。。。[泪]
0	来公司拿粉色b版打样，热的快化了[衰][衰]
0	同样做节目，同样是女人，为什么有的姑娘一下直播就有饭局，而我辈只能望图充饥，还频频被几个＂居心叵测＂的坏银@来@去！我，实在忍无可忍，决定报复自己[怒]。@董克平  看我的榴莲汤圆，@大董大懂 出品，轻轻咬破，香浓的榴莲汁液滑入口中，随之而来的还有丝丝缕缕的清甜椰香。
0	小时候超爱的，一直忘了叫什么，终于找到了。[泪]
0	@李静 ：亲爱的，你这次是真没唱跑调……可是……你肿么了？我们并没有唱「张三的歌」啊[汗][汗]……我们那天唱的是「恋曲90」……[泪][泪][泪]
0	服务态度巨查，半天没人管连水都不给上@美团 你坑爹啊第一次在你家消费就这样什么服务态度，最牛的是饮料随便喝竟然连可乐都没有，饮料杯也很牛，我这叫一个恨[泪]!!!@CNTV潘卫 @大龄儿童瞌睡兔 @暴风轩少 @金莹大拿  @满座 @拉手网 @窝窝团 @高棚团购
0	[晕]咳。。
0	伟大的母爱！ //@Simonbao:感动，怎样伟大的感情才能反本能//@Dream-Reality-2012: 感动!//@懒人姚小六:[蜡烛]//@韩仁均叔叔:[蜡烛]//@左小祖咒: [蜡烛] //@意见不反馈:[泪]//@章立凡: [蜡烛][伤心]
0	[赞]//@粤语金曲精选: 听过周杰伦的《#枫#》吧！听过刘?宏的《#彩虹天堂#》吧！那你知道这两首歌是连续的吗？讲述一个爱情故事[泪]
0	为了有更好的客户体验，我们是允许客户点菜的。这也就给生产和服务带来一系列的麻烦。大家都理解一批菜的产量都是由地到高再到底。举例如苦瓜，刚采收的时候可能一天只有20份，放在点菜单上，大家如果点的多了，就有可能不够分，势必就得给一些客户打电话要求换菜，招客户烦，怎么解决呢[抓狂]
0	[抓狂]下午茶来件＂香芒拿破伦＂怎么样？
0	这个是财经类杂志标准。时尚文艺类就更寒酸了。好佩服时下胆敢卖文为生的童鞋吖[泪] //@光远看经济:欧美的专栏作家是很风光的，稿费完全可以让其生活的很风光。我们现在的报纸稿酬，1字1元的已属很高。这样的稿费，维持生活是比较难的。好在，中国的专栏作家很少靠写稿活着。
0	我想，今天，也该我赢了吧[抓狂]@韩力 （向新来咱家男左女右的朋友们解释一下，我拄拐是因为我节前踢球把脚腕子伤了，俩月以后拆石膏）
0	[生病] //@三颗猫饼: @人不阿Q没法活 [泪] //@高山编辑:拯救书店！
0	回家屋里一团漆黑屋里却有个影子晃动，吓了自己一跳，以为是鬼，全当它是个影子好了，夜晚11点独自夺门而出中行建行跑了一大圈电都没买到,跑到工行密码又出了错误，真是感谢陌生人用她的卡帮我买了电。这世界还是热心人多热爱生活的人多，可有的人真的活着也不过只是这个地球上的一个寄生虫而已。[怒]
0	意大利的兄弟姐妹们说说情况啊 //@RedRocks: 啊！！！！！！！！！！！！！！！！！！！ My FERRA ！！！ 我的城堡，那个坐在窗框上看着城堡的夜晚。。。。 //@颜小孩:[泪][泪][泪]正好一年时间了 好喜欢这座城市啊 我心爱的大公城堡什么情况了  在意大利的童鞋们吱一声 [泪][泪][泪
0	为什么我的东西总是买回来不久就莫名坏掉？[抓狂]#唯一的解释就是它们不太喜欢我这个主人#[泪]
0	第一次来中日友好医院，比其他医院略干净些；家人生病无论大小都让人揪心，加强锻炼，远离疾病啊！这里的饮料机怎么买不了热饮哇[抓狂]
0	#黄山 DAY2#关于黄山上吃什么？以北海宾馆为例，早餐自助70，午餐120，晚餐140/人，单点的话像木耳炒蛋56，青椒肉丝108~ 看的我都不敢点荤的[抓狂] 不过味道真的好！后来看到挑山工，忽然理解这价格了。
0	//@山右一仁王中文://@沈阳张晶: //@王艳-博士猫: 这条总结得好，言简意赅，转！春天不远了，盼夏俊峰回家！ //@沈阳张晶://@舒可心: [怒骂]坚决反对死刑！死刑，只会加大社会不同群体之间的仇恨，不会实现社会的共同和谐。而且，死刑判决也和其他判决一样会有错误，那么将无法弥补！
0	唉~还能说什么呢~永远也回不来了~ //@阿勒锦八戒:哎……幸，我见过你……[泪]
0	为一己之私伤害动物的人可耻！[怒] //@爱转转_: [泪]
0	[衰]人家WWE可是假摔啊，太猛了这俩//@马翔-梦想游戏: 全世界求2位男猪脚的联系方式//@马翔-梦想游戏: 无敌了，强烈推荐 PS:谁能帮我找到这2个人，我要他们来公司做动作，重谢重谢
0	经过寿星小淘气和小朋友的折腾，家里乱得跟花果山似的[汗][泪]。收拾收拾，就这么地吧。强迫症是做不了父母的[嘻嘻][嘻嘻]。画张小画休息一下[馋嘴]
0	进9球，这是篮球么[衰]//@老沉: 进9球，一度3比3，广州球迷幸福呀！
0	回复 @sslida:非常? [泪]清澈?底的 //@sslida:你们纯吗? //@蔡小爆:@蔡蔡只是路人乙 [乾杯]
0	//@陈羽凡: 台前幕后的兄弟姐妹都很辛苦；这是我们选择的生存方式，一份工作；乐此不疲是种精神，是种态度，是热爱的证明，有时是不让爱我们的人去担心我们的借口，是继续奋斗的理由，是#天天向上#人生路面上留下的脚印。。。（因近期奔波缺少睡眠，嗓音状态欠佳[抓狂]还望你包容理解）
0	贱男 //@?缺缺Maus:能人肉吖的么？ //@索毛毛Katze:大清早看到这个真他妈的窝火[怒][怒]
0	充当人生导师，并载入别人人生史册的事儿，我最爱啦！[偷笑] //@IAM浩熙:不是说好了我自己发的吗[衰]
0	回复@YY的杯酒人生:下次少煮一份，平均分一下。 //@YY的杯酒人生:每人一碗[晕]
0	感觉今天又要失眠了[失望]
0	一下午的治疗终于结束了，难熬。[晕]Credit: H&M Jeans Jacket, H&M Shorts, Alexander Wang Tee, Celine Box, Super Glasses n my super 内联升.
0	#我发浴室，你猜酒店#无法触碰的奢华???你们谁要是住到这家酒店，求携带[泪]
0	[泪]//@创业家杂志://@厦门宏伟影像:每个英雄都有属于自己的时代
0	#谆客风景#横看成岭侧成峰，远近高低各不同DD在下午的@CSCW-世界虹吸壶中国赛区 评委会议上。这两天评委们辛苦了~当然还有我们的可爱的选手们！[泪]其中不乏第一次参赛的选手呢，比赛的心情忐忑不？
0	给小岳同学讲＜我爸爸＞，故事的最后说儿子爱爸爸，爸爸也爱儿子。讲完之后，我对小岳同学说我爱他，结果他回了一句：＂我不爱你，我们互相都不爱＂我痛心疾首的追问为什么，他说：＂爱就是不爱，不爱就是爱＂[晕][晕]我得承认，当时我蒙了！这孩子脑子里装的都是些什么呀？
0	求?注 //@无畏大乐://@穿越寒冬狂想曲: 好孩子，快回家吧，这么冷的天你有口热饭吃有个暖被窝吗？外面除了汹涌的车海就是无情贪吃的人类，宝贝儿快快回家吧,痛恨不负责任的领养人！[泪]@?物求救?息中心@齐秦@漳州市小动物科学养护救助中心@Ev1ll [话筒][话筒][话筒]
0	分享图片上面是藏香猪,下面是藏香猪的肉,想想也许有些残忍,前些日子有个猪妈妈没奶了,就改为人妈喂养给它喝牛奶,几只小猪天天围着山里的嫂子,[可怜][泪]山里的嫂子说你们不许杀我每天喂奶的小猪.....
0	积重难返的艺术教育，非一人之过[怒]
0	二十几年的老机器鼓捣一下还挺像样，功率灵敏度丝毫不输现役机器。。。重要的是，一百多块钱[晕]
0	不错[鼓掌][鼓掌][鼓掌][鼓掌][鼓掌][悲伤]
0	[泪][泪]//@子孟zimo:为嘛我看见这张照片想起98抗洪抢险[汗]
0	回复@叶江海_:胃口太好[偷笑] //@叶江海_:哎，想打包都没得打，吃完了！！[泪]
0	[泪] http://t.cn/zYQGClv
0	到家了饿了[抓狂]
0	最近的微信变成了游戏机，每天上线都是送你一颗心，送我一颗心；微博就是个大广告页，放眼望去，大家在参加什么有奖活动一目了然，但是扒拉半天也不知道我的小伙伴儿们最近都在干什么……[泪]
0	春天在哪里呀，春天在哪里，春天就在库肯霍夫的花园里[花]一直以为自己是大长腿，结果每次来荷兰租自行车都够不到脚蹬子的时候，心嘎嘣就碎了[伤心]今天看了花园还骑车在乡间小路上逛了一会儿，用AS30V拍了点视频，虽然转机转的又累又折腾，还是心满意足滴~唯一的遗憾就是木有找到“国泰”
0	债 //@???: ? //@罗永浩:Ulay 只不过是她的灵魂伴侣，为什么要长那么帅？//@柯蓝: 债[泪]//@曾克:[泪]//@许小诺外号是小飞侠: 此恨绵绵～
0	看来我们食堂大姐的肉饼已经有点名气了[酷] //@曹蕾cl:回复@月上柳梢:自从我们家定了@诺亚有机 的菜，改素食了，纯菜香啊 //@月上柳梢:太素了！我要吃肉饼！@诺亚有机  家大姐做的那种！[泪][泪][泪]
0	再多来几次北京上海当日往返我真心会沦为反人类反社会分子[晕]
0	美女老板卖桃花酿，妙杀文君!亲们努力加餐吧...[哈哈]//@懒人业余餐厅厦门店: 我们也觉得这个老板很美！[偷笑]可惜没觉得另一老板更帅么？[衰]
0	朋友们！这是土匪呀！谁能管管？有地说理吗？[泪][泪]//@相声演员海峰: 他妈的，不得不骂
1	肥，美[酷][哈哈]
1	法国生蚝芬地奇Fines de Claire 3号1号、黑珍珠1号、贝隆生蚝新鲜到货[嘻嘻][嘻嘻][嘻嘻]???
1	非常感谢!欢迎您再次光临![太开心][鲜花] //@周佼佼:环境真心好，家庭院式，有兴趣的朋友一定要去看看哦[鼓掌]
1	岘港的第一抹日出 [哈哈] #美丽岘港，春天有约# @岘港假期 http://t.cn/zWwgUr9
1	#2014想去的城市#杭州的小伙伴们！看过来[鼓掌]
1	Hi，everybody！今儿你们都跟阿布吉一样桑班去了吧，有木有被不能睡到自然醒和长假综合症困扰啊？小仙女牺牲形象，做个鬼脸儿搞笑三连拍吧[做鬼脸]工作愉快，要加油哦[哈哈]
1	为了庆祝睡眠日，我们准备玩耍一下再睡[嘻嘻]
1	有一句话，叫做贱人就是矫情，我就是贱人。[哈哈]但我超喜欢会被感动到哭的姑凉的说。[阴险]
1	@小朵儿的天空 带小朵看马达加斯加吧，挺逗的。[哈哈]
1	分享//@北京环铁时代美术馆：【环铁时代国际画廊】国际艺术家驻地创作沙龙展于10月11日16：00开幕式准时进行，欢迎大家莅临展览现场交流。此次入园5位来自奥地利、美国、印度的国际艺术家摄影作品、油画作品、装置作品及中国雕塑家乌日根先生的雕塑作品将展现在大家面前。[鼓掌] [心]
1	@噢咿噢唱歌岛-OYEEO @大模王动漫 @杜?2011 @杜老爷01 //@皮三动画: 哐哐动画场景.....[哈哈]//@一剑平之: 做定格的看看。//@萌漫画: 太逼真了~~你看出来了吗？[围观]
1	回复@捧在手心里的中国:这是你的想象。 //@捧在手心里的中国:[哈哈]另一条腿被留在板门店那边了?
1	[赞]//@向二定: [抱抱]只有登过顶，才会懂得那种喜悦。
1	感谢肯定，希望嘉乐会在互联网业务的摸索中，越做越好，为大家贡献更多更贴心的服务 //@郭捕头:互联网业务开展的不错[嘻嘻]
1	[太开心]@ozarkman--EZLF @紫禁城的老茶馆是国安控 @狮子奏的白牛二 @北京土著网站 @旋转木马-110108 @魏可多 @annicole
1	11月21日海德堡的圣诞集市又要开始咯！[鼓掌]
1	目前已经开始进行决赛[鼓掌][鼓掌]
1	这世界，有多真实就有多美好！所有的过去都是温暖的回忆，温暖着当下的每一刻的我迈好每一个脚印。我庆幸我是我，已得其所，安分守己。。。元宵快乐，愿意彼此温暖着的心们[爱你]
1	[哈哈]@主持人雅娟 @贾玲 @相声艾莉 @Winny妖妖 @谢钟灵 @安静凤凰 @京城主持王挚璐 @墙壁上的尼莫小鱼 @北京星亮点---常可缘 @积极向上的狗尾花 @美库原创music-莉莉王 @小蜗牛-梓 //@龚浩川://@高清微电影:【因为爱你，所以允许了你的小贪心.[心]】
1	@小池塘爱小鼓包 美吧 [哈哈]
1	@余盈YUYU 小盆友从奥地利BURGENLAND带回的甜酒，入口后浓浓蜂蜜味，好适合我哇！！！[哈哈]
1	回复@中青旅:举双手双脚感谢著名编辑哈！！！[太开心] //@中青旅:小编双手双脚欢迎1039著名主持人加入现场，不知道您有空来不？ //@1039志梅: //@蓝色幽灵: 加油 //@一起开心畅谈: [耶][ok]
1	@包子577 @馋嘴猫99 @CaoRF 我决定要学学马小玲的功夫，把九字真言练练.不能光会说不会练啊!!这关键时刻可以防身啊~~[鼓掌]
1	我记得我和别人炫耀过你，我说你的名字都带着骄傲，我谈起你眼里闪闪发着光，但最后你成了我 闭口不谈的某人
1	各有三次婚史的两个哥们聚在了一起喝酒聊天，酒过三巡后其中一人感慨说：“唉，我这生真是不顺啊！没选择好，结婚一次失败一次，我真是羡慕你????”。“羡慕我？我怎么了？”。“你结婚一次成功一次，结婚一次成功一次????”[晕]这TM有区别吗？[晕]真是个2青年[哈哈]。
1	//@开心栋笃笑:坐缆车，刺激包括空中被困[哈哈]
1	独在异乡为异客，每逢周末倍思亲。此刻我与@相声演员赵广群 @新疆扎巴依 牛栏山二锅头配着伊力小酒喝！[亲亲]开心的小酒陪伴扎巴依！不喝到天亮不回去！[围观][太开心]
1	我和@袁东方 @滴玲玲玲 三个姿娘仔终于在cctv的晚会上见面了，两眼泪汪汪啊！化完妆再上合照[爱你]
1	小肚子疼了[哈哈]
1	@leesophie 这一大早的惊喜！[鼓掌][鼓掌]
1	真无奈，今年又是去不成//@张国田: 不用说你是平遥人，平遥有个十九街，但咱是柴油机厂里的九街[哈哈]
1	倒叙的手法居然也可以用在舞蹈里，真是叹为观止。就连摔倒的俯冲、肌肉的弹跳都表现出来了，真是民间有高人啊。 //@Letter-K:开始的一段刚好是整段表演里个人最喜欢的[鼓掌]
1	某人送偶的300天礼物?[爱你][爱你][爱你]欢喜呢！[抱抱]猜猜上面滴萌妹纸是哪个啊？！[做鬼脸]@张暴暴 [亲亲][亲亲][亲亲][鲜花][鲜花][鲜花][心][心][心]
1	[闭嘴]//@珊妮SMILE: 回复@王誉_读客:哈哈，那你赢了……赢在糗的没有技术含量上……[哈哈] //@王誉_读客:回复@珊妮SMILE:我可以自爆，我掉饭粒，菜汤溅到衣服上（吃面的话这事100%发生率），基本就这些
1	Lee Abbamonte，这位美国最年轻的行者，不仅从AYANA攫取灵感写作了博文“我为什么去巴厘无所事事？"，还在他的博客分享了许多照片哦！[爱你]
1	百年建筑下的新派潮流相声团体，掌柜@高晓攀 和二当家@尤宪超 携嘻哈包袱铺众将与您相约7月20日哈尔滨国际会展中心环球剧场[太开心]哈尔滨的朋友们，我们已经准备好了！你们呢？ 
1	吼吼，终于等到了 [爱你][爱你][爱你] @敦敦小艾
1	回复@Tower寒:这次中东之旅不晓得呆多久…计划是三月底回家…只是计划，在中东，计划永远是计划，没变化快…[酷]//@Tower寒:所以说真正的土豪在中东，不要看别人，就是你[哈哈]恭喜安全落地，这次中东之旅准备呆几个月？
1	9494，大哥大时代滴帅哥果然不一样咧~[哈哈][哈哈][哈哈]@李国庆 //@Gordon-哥顿: 回复@奥黛丽-东冬:好靓仔啊，介个淫系水啊？！[心]哈哈！我好想猪到哦！[偷笑] //@奥黛丽-东冬:回复@欢哥苹果派:[lxhx懒腰]不信，不信，我不信~
1	多谢多谢真么捧我们的场~~[太开心]
1	没事……有我陪你！[爱你]
1	2012磨坊百公里！明晚开走！加油！[鼓掌][鼓掌][鼓掌]
1	[哈哈]原因在于场合不同[偷笑] //@搞笑大百科:[疑问]
1	[赞]//@瘦肉小丸纸:[鼓掌] //@宁李:每个街拍爱好者耳熟能详的Tommy Ton，来看看VOGUE时尚网为你带来的独家专访，福音啊~~~[抱抱]
1	//@大内密探林林宋: //@浙江卫视蓝色经典:【新闻】#土地公土地婆#独树一帜的温馨搞笑风格引领2014年电视剧风潮[鼓掌][太开心][抱抱]土地婆婆这样的神话人物再次走入大众心中，以后土地公公再也不是大家所认识的“孤家寡人”啦[抱抱][太开心]今晚19：30分继续锁定@深圳卫视
1	#旅途硬菜#原来薯片还可以这样弄！！太酷炫了！！！[哈哈]
1	大众应该把你收了[哈哈]//@国保动物:这个是节能型产品，当遇见下坡路时，把轮子收起，直接滚下去，这个概念车的内部型号好像是“滚蛋Ⅱ50”型// @尹方鸣 ：赶紧整一台吧，太有爱了[嘻嘻][哈哈]
1	吃糖水，润肺止咳。[爱你]
1	今天感觉是和一车的“爱疯”在逛京城，客人来自中国联通。大家都懂的。[哈哈]
1	赛车手辰[嘻嘻]
1	哈哈哈哈[哈哈] //@I-am-MAOMAO:完了。。没看懂
1	我是多么滴不靠谱啊[哈哈]
1	下午茶时间，你最想喝什么？[嘻嘻]
1	[哈哈] 哇，说得真不错呢！到位?谢谢//@解雯焕
1	你还要怎么垫砖？？[哈哈][哈哈][哈哈]//@张攀CR7:@史清元 史伯伯我可不是垫砖啊~他坐您的位置~[偷笑][偷笑][偷笑]
1	哈哈哈哈~~笑死了~~~好苗子[鼓掌]让我想起了高中时候我们班的“流行感冒”乐队还有文科班的“快克”乐队~哈哈//@檀木幻想: 这步伐，节奏感以及唱功，绝对是进军城乡结合部的好苗子 //@李铁根: 摇滚乐不是请客吃饭，不是作文章和绘画绣花，它是钻木取火，愚公移山，是摩擦前列腺一千遍后的颤抖和痉挛。
1	//@涛儿妈:把这段话送给我即将毕业走向工作岗位的贝贝们[爱你]们 //@山西卫视:坚持[威武]//@主持人叶培隆://@传媒社会学徐文胜: 坚持 //@巴曙松:需要舍弃和失去一些东西
1	//@晃管演员王强: 还有第二轮哦...接着收看[亲亲]
1	想起了大理段家[哈哈]
1	真的是一组极佳的作品！[太开心]镜头捕捉到了灯光的幻化与夜的静谧，夜幕下的三亚海棠湾9号真的很迷人呢~
1	这是作秀？还是借工作秀内心？//@江苏王奕文:蒙着丽莎的是杨还是郎？[哈哈][给力][威武][围观]借工作之便爱要大胆表达出来！ //@奈爱配件:@纳丽德老杨 即使你蒙上了脸，还是会被@大苯小奔 @我亲爱的老虎 @浪小丫丫 @江苏王奕文 @大鹏背包走天下 等众人一眼就认出来的[偷笑][哈哈]
1	[嘻嘻]老插很自律~戒律确实很重要[good]
1	这是民族复兴计划吗？[哈哈]
1	这么沉？！那么切它的刀?????宝刀啊！不过看着挺好吃的。 //@SOHO中国的小武:比新疆大盘鸡贵多了[哈哈]
1	[鼓掌][鼓掌]周五多吃点哦~周末happy~
1	看到@吴法天 跟人约架！觉得比@方舟子 能耐大了去了！最起码吴老师能直面他人！方舟子只能缩在壳里！就会在网上叫嚣！真想狠狠的鄙视你！[哈哈][哈哈]
1	为着梦想要坚持到底[威武][威武][威武][围观][神马][浮云][爱你]@喜剧男人组合
1	中午在@ssam北京 和@蛋蛋IN北京 哥吃的好饱好舒服哈哈[哈哈][哈哈]还见到了超可爱的boss[哈哈][哈哈]
1	哪里有？[鼓掌][鼓掌][鼓掌]
1	[放鞭炮]庆祝庆祝//@把你写在歌里面:[鼓掌]
1	[赞][太开心]//@平淡是真7053:[礼物]//@水墨婺源: [赞][微风]
1	//@全球顶尖内涵图:超喜欢张爱玲的文字[爱你]
1	哇哈…老姐辛苦了…哈哈…我也爱你~[哈哈][哈哈][哈哈][心][心][心]
1	今您又宵夜啦，都是瘦人呀。[哈哈]
1	//@十二星座爱情观:看你的每一句话都很有感觉[爱你]每一句都能戳中我的心窝[赞]
1	@私家车美食导航 栏目组招人纳新啦！今天天不好，阿姨没买菜，节目组打扫冰箱对付一顿[哈哈][哈哈][哈哈]比平时水准降两个档[思考]！喃冲着这伙食还不飒愣愣快点来应聘吗？
1	[哈哈]//@Byford张碧仿:这是我想做的哈哈
1	时间不早拉，准备睡觉。晚安(^.^)[嘻嘻]
1	谢谢你夸奖[嘻嘻]
1	鲜榨甘蔗汁， 好喝不贵[嘻嘻]
1	女勇士也来啦[哈哈]明天见~ //@枕边有张脸:#枕边有张脸#封门村首映礼四大勇士已经诞生了，最后入围封门村的两个勇士是@N楼贱人 @心香一瓣- ，明晚他们参加入鬼村、看鬼片、住鬼宅、睡鬼炕、见鬼脸的封门村农家乐活动。
1	@五粮情酒王 这款给姑爷子也成//@岳阳特产大杨: [笑哈哈]//@牵狗的牙牙: 这个真好看！！//@岳阳特产大杨: 高端大气上档次，过年送礼有面子。[哈哈]//@纪南南: 这么高上大的东西啊[笑哈哈]//@河南农民卖土鸡: @纪南南 @杨亚天 @创业千人团
1	路痴二人组竟然很快摸到了龙坞茶村[哈哈] 先看到的不是茶园，而是蜂箱，好多年不见。
1	[赞][鼓掌]//@胡立峰: 耶鲁哥，这就是中国梦！[给力][围观][威武] //@胡锡进: //@环球时报: “中国梦”不是“白日梦”，而是像他那样，踏实践行出来的。[good]
1	感受中国历史文化博大精深！[可爱]
1	感谢大家的支持与肯定[嘻嘻]//@去不了的地方哦: 一个企业五年来的蜕变，未来会更好 //@万丽酒店:成功的庆典
1	超可爱[哈哈][哈哈][哈哈]
1	我发现我越来越邪恶勒。。[汗] //@相声演员王勇: [哈哈]//@相声演员胡云鹏: 为什么不喜欢尖的我就喜欢啊//@学做一个聪明的人:突然懂了，这个好邪恶了啊 [抓狂]
1	每天都在这个循环里出不来....[哈哈]太写真了！！ via颜文字君
1	咖啡金杯萃取教学后，来到红酒品鉴教室来杯白葡萄酒 惬意一下。[馋嘴] 发现同学们都是小红酒专家哦[鼓掌]
1	养两只的举手[握手] //@ZhaiXuming:[嘻嘻] //@俭小鱼:[可怜][委屈]这就是养两只狗狗的原因@ZhaiXuming@果粒橙_cyx@狮子曼陀罗
1	非洲的公厕标志，其实可以不加英文的。[嘻嘻]
1	[鼓掌]@菲比Febe @俭小鱼 @董芳0000 @奥迪汇
1	这应该算是后感恩节吧，正能量满满[鼓掌]，影像的幸福就是可以记录某一刻的状态，无论悲喜，在回忆时，会有种穿透心灵的力量，我很荣幸，做了这样的事，这应该是从乔小胖的夏天开始，然后秋叶温暖的流落，你我都是阳光的宠儿，然后止于五道营，以后写个故事，就叫乔小胖和七老师不得不说的故事，哈哈~
1	接天莲叶无穷碧，映日荷花别样红^^^^^ 夏天到了，一起去拍花花草草呀！[嘻嘻]
1	相当于国内价格的一半多。[鼓掌]
1	大家多聚！ //@王中王Mouse://@京城豆腐白:[鼓掌]//@食全食美老倪: 圆满收官啊！[good][赞] //@生活禅在旅行:“2012年度标杆饮食品牌评选活动”圆满收官。岁末将至，在新的一年里，不变的是希望，升腾的是梦想，再次收获之时我们必将采颉硕果，淋漓酣畅！@孟波@少宇adman
1	感谢支持哦！本人专长餐饮策划！没别的，交个朋友，只是不想再看到那么多的品牌倒下，尤其是刚创业的那些餐饮老板，辛辛苦苦攒的钱不能就这么付之东流了，很多小品牌的问题其实都特别透彻，只是这些刚进入餐饮的老板们没有抓到餐饮的门道！欢迎和大家探讨！//@袁雯说: [赞][鼓掌][鼓掌]支持一下
1	刚听到一个真实的笑话：朋友的朋友小k，潜水，一下去就开始吐，然后鱼都过来了。。。 [偷笑][嘻嘻][哈哈]
1	大秦帝国[哈哈]
1	你是那只 Young bird 么?[嘻嘻] //@UE-YoungBirdPlan: @城规田宝江 @长江老哈 @饶小军V @梁井宇 @何巍总建筑师 @竹林居士- @刘昊威CAA @刘晓都 @高栋 @建筑师曹晓昕 @盛宇宏 @Domus国际中文版 @Domus国际中文版_于冰 @Domus国际中文版执行出版人Isa @绿界Green @张长城
1	回头我给你们试试，哈哈哈[哈哈][哈哈] //@冷笑话精选:漂亮简单的长发各式扎法，可以推广哦！女孩儿们学习。。。 @o艾米0 @果粒橙_cyx @关太家的关兜兜
1	雨猴子归位，武夷山雨天来迎[哈哈][威武]屡试不爽~~
1	我也自己在转一回[嘻嘻][嘻嘻]
1	从@美丽俏佳人 穿过到#美人天下# 滴 姑凉[爱你]
1	//@亚蕾克希儿:[哈哈][哈哈] // @胡延平 :玩手机的同学有：马云、丁磊......做笔记的同学有：马化腾、张朝阳......认真听讲的同学有：古永锵、李彦宏......总结学习心得的同学有：曹国伟、马化腾...... @老沉  同学干嘛呢干嘛呢？答：笔记本电脑做笔记，比他们用笔做笔记强多咧[偷笑]
1	娄底之行短暂却开心，再见娄底。我好喜欢娄底步行街的可爱玩具车…下次再来乘坐你。还有那失而复得的小背心，小短裤。呵呵…//@-梦遥-:自拍时才发现，你手臂有多长，某人手臂...一拿手机只框得进俩人 @MOTV马主播 [太开心]
1	//@启韬资讯:女生最关心这个了[哈哈]
1	显然拍媳妇儿马屁的说法[嘻嘻]//@kb8q:明显都是妈妈最近的大爱，一定是特意留给孩子的[做鬼脸] //@慧小左: 回复@??嘉-不?-?喜:哪是剩的呀，是特意留的，有肉有菜的[偷笑] //@??嘉-不?-?喜:一看就有麻麻晚上的剩汤[偷笑] //@慧小左:回复@closeureyes:不少啊，还有那么多配菜呢[偷笑]
1	恭喜俊少！俺也曾得到过刘总的墨宝哦！四个字:"心在遥远"[哈哈][哈哈]
1	恩！[哈哈]
1	音乐神童必须会这首[嘻嘻]//@浮云-福运-富蕴:@福临-岁月老人 //@小苹果露:Bumble Bee 也是一神曲，快成演奏标杆了
1	小天使~祝我做个好梦吧~晚安[爱你]
1	刚看了昨天的流量。。[鼓掌]兴奋到喷niao！肯定我又在哪里积德了！[good]棒！继续保持。
1	//@无与伦比的app: 神一样的轮蹲奥猪委[嘻嘻]
1	刚才在央视新闻台里听男主持人说：烟花＂办＂竹....好欢乐呀！新春一定要欢乐！办起来！[哈哈][偷笑][偷笑]
1	[哈哈][哈哈][哈哈][哈哈][哈哈][哈哈][哈哈] //@屁典Dian是拉风青年:[哈哈] //@Miss-Yo:画的真好
1	人间仙境[微风] //@腾讯QQ: //@有了周哥的飞少:  //@吉胡阿莎: 感谢！[ok]我所爱的就在身边[可爱] //@泸沽湖二车蓝宝石客栈: 祝福你和相爱的人  //@吉胡阿莎:回复@腾讯QQ:我承包70年的橄榄山未来！[可爱]我不信在未来63年的时间里，橄榄山还不能实现我的梦想！  //@腾讯QQ:[偷笑][偷笑]世外桃源
1	[干杯][干杯]地道纯粹的食客！[赞][赞]//@中视传媒--孙璐璐:要比焦叶的味道还纯正 //@暹罗象泰餐:回复@苏德格本尼:[嘻嘻][鼓掌] //@苏德格本尼:太感动啦！环境好服务好味道更是超级好，作为一个吃遍泰餐的老食客，你家目前排第一。全五星！祝生意兴隆！ //@暹罗象泰餐:欢迎常来哈! 生日快乐!!![蛋糕]
1	回复@水天一色TuiL 我的老婆只准我来负责，但不介意帮别人负责他们的……[哈哈]
1	#平安夜晚会# 熠熠灯光演绎温婉风情，圣诞颂歌让欢乐流淌。我们邀您共同揭开圣诞晚会的神秘面纱。绚丽舞台，激情四射，饕餮美食，缤纷好礼。五光十色，精彩纷呈，尽在海景假日平安夜晚会。订票热线：3430888-2208[鼓掌]
1	红粉佳人，俏江南[good]//@lap-tina: //@瑞龟吉祥: [赞]//@李家大小姐6666: 愉快的歌声满天涯![心][爱你] //@心海20101012: 新周愉快！[心][爱你]//@李家大小姐6666: [good]//@兴宁五阿哥: [咖啡][微风][微风][微风][微风][微风][微风]//@lilihongxinglai: //@LYT东南如意: [赞]//@心海20101012: [心]
1	嘿嘿~ 欢迎到@首都机场朗豪酒店 休息一下[嘻嘻]
1	就你有最大[嘻嘻][哈哈][偷笑]
1	偶去桂林最想干的8件事情：1、吃一碗最最正宗的桂林米粉 2、漂一个最长的漓江风光 3、爬到相公山看漓江全景 4，在阳朔懒猫家的星星房看漫天繁星 5、吃一顿杨猫童鞋做得好吃达 6、在西街买醉一次 7、在龙脊梯田看日出 8、和懒猫家的一群喵星人玩耍 @桂林懒猫青年旅社 @杨猫 @远方网 [哈哈]
1	//@张家界青和锦江国际酒店: 最后的期限，活动八月底结束，赶快啦！[嘻嘻][嘻嘻]
1	捡走[可爱] //@悦八: @八贝贝 [花心] //@淘宝美食: 面包诱惑DD自己做！！
1	我们的小黄书真给力！[嘻嘻]
1	[鼓掌]//@郭卫东1967:允许他们的疑问，因为叶诗文得到了金牌。干干净净的金牌，他们没有得到，难道还不许他们发发牢骚，找着借口吗？用清白回答他们就是最好的回答。同时要鼓励叶诗文：强大的肺活量下有一颗强大的心脏[哈哈]
1	@台湾花莲民宿地中海恋人海景 你们花莲哦[可爱]
1	回复@桂_花_酸_梅_汤:@太受欢迎有人抢了宝贝 我确实是非典型，但脾气见长，属于上升白羊[哈哈] //@桂_花_酸_梅_汤:我是，@cchengwei 你是么？ //@太受欢迎有人抢了宝贝: @cchengwei @桂_花_酸_梅_汤 看看 这根我一样 典型白羊 你俩是非典[偷笑][偷笑][哈哈]忒勤劳
1	回顾有他的专注，才有不断的超越 //@蔡文胜:回顾2010-4-16号的帖子。开始是买iPhone,android都报销，为了鼓励多用安卓，我只给买安卓系统手机才报销。[嘻嘻]
1	真的哦。[嘻嘻] //@俞靓:这个妹纸们还千万别效仿。西方女人生娃休息几天就来上班，16度的空调下穿短裙高跟。但人家得一个感冒都翻天覆地了，有些过敏体质吃颗花生就死了。人家老公会说，瞧中国女人，哪个人吃颗花生就死了，别矫情了么[汗]建议这种事情男人们就沉默吧，等哪天你们能生娃了再出来吠。
1	@人多的地方别去 这能看出啥车了不？  //@宋兆桓: //@冯跃Jimmy:回复@朱睿_JOOOOY:奥迪在非洲都深入人心了[嘻嘻] //@朱睿_JOOOOY:竹车衣?[偷笑]@石-大-宇 //@冯跃Jimmy
1	[爱你] //@当时我就震惊了:有爱的方式！！！
1	在马拉喀什麦地那老城闲逛，大房子短街[给力]Riad庭院，安达鲁西亚风格（西班牙和阿拉伯）混合体，大约3000美金一平米！这要在北京不得10万一平米啊？会五国外语的导游Aziz说中国真好，女人都上太空了[哈哈]而摩洛哥这么富有的国土，人民却很穷。殖民地啊，一言难尽[泪]
1	在每个人心中，都有一种坚持，就像一面镜子，站在镜子面前，我们不停审视，感慨时光流逝……悲伤变成等待，等待变成无奈，《最后只好停下来》。第五次，越来越喜欢戏的细腻。其实11年全国文华奖的颁奖典礼，我就站在@杨扬yannis 身边，你不知道吧[可爱]~如今能这样的相遇，了解这部作品的始末，奇妙
1	穿越了？//@赢在东南:[哈哈] //@潘祥A:今儿不是5月9号吗？[思考]//@翟振林ZGHang: 中国真伟大 //@贾大户:大概五月十二日发
1	风林火山有！[嘻嘻] //@尧的江湖:我爱麦乳精，可惜买不到了
1	你果然是个小吃货[哈哈]
1	喜欢这种比喻！[哈哈]//@郭铭洋_Miya: 回复@勤劳的工作狂:?於足球我的看法和阿成?於?球的看法比?一致：喜?看一群千?富翁?汗如雨，?了一?小球?得你死我活，?哭一鼻子，打一架甚?的。哈哈 //@勤劳的工作狂:哈哈。女孩子看球是因为球星帅哥。[偷笑][偷笑]
1	这种事有谁会不愿意咧？？？[嘻嘻]
1	振精了。。。人类真的已经不能阻止神曲了~~[嘻嘻]
1	期待早日推出南锣鼓巷攻略[鼓掌]
1	稍晚到[心]//@法图麦的妈妈: 稍晚到！[哈哈]
1	唐兄是曲艺的希望，我的老师!不论技术还是精神//@?弦?林:回复@忽略的马甲:你相信我吧[嘻嘻][钟] //@忽略的马甲:回复@?弦?林:[嘻嘻] 从十点钟开始？ //@?弦?林:唐柯兄是我的榜样！[good] //@鼓书艺人: 谢谢你的鼓励，也谢谢大家对我们共同喜爱的鼓曲艺术的捧场[握手]
1	早安~[爱你]
1	回复@我是谭小刀: 有创意[good][哈哈] //@我是谭小刀:一天到晚抽红包，一定能成小土豪！
1	[爱你][爱你][爱你][鼓掌][鼓掌][鼓掌]18岁
1	亲爱的同事兼同学@小泡芙球 生日快乐哦！！还有你可爱的女儿小米菲越来越美丽，越来越可爱！[爱你][蛋糕][蛋糕][手套][手套]
1	[爱你] //@野孩子涂鸦:哈哈哈，多谢夸奖，忍不住再转一次[转发]//@我是歌手: 把@谢娜 画的好精致呀，@野孩子涂鸦 好棒！[心]
1	#Nobu精选#Nobu北京独家供应的新鲜空运生蚝可以上桌啦！！这其中包括来自法国的Spéciale Tarbouriech生蚝，这种粉色生蚝即使在盛产时期每月也产量相对较少。而味道以浓郁著称的贝隆生蚝，则肉汁甘美，口感清新爽嫩，是搭配白葡萄酒Sauvignon Blanc的不二"蚝"选哦[亲亲][亲亲]下图为贝隆生蚝
1	[哈哈]谢谢亲的慷慨传授！~//@木脑壳小龟: 你已深得我的吃货真传了?//@J_LO131501:田源鸡[嘻嘻]
1	哈哈，问题不大，公司离得近吗，给您送过去！[嘻嘻][哈哈] //@徐任重:快快快。我来点个餐，黑椒汁龙虾+蒜蓉西兰花+土豆沙拉。如何？ //@玖食龙虾餐厅: 哈哈，好啊，回头跟厨房合计合计！[嘻嘻][哈哈] //@徐任重:走一个。我第一个试吃。
1	转发解救单身女青年。//@vodka的森林木: 回复@SF黑人无产阶级:[哈哈]谢谢苏渤赞赏！ //@SF黑人无产阶级:豪哥好美丽~~
1	#大学毕业十周年聚会#酒喝再多，也比上同学的情谊，我的兄弟们，喝好，玩好！记住，我们是一辈子的！[哈哈][哈哈][爱你]
1	鸡肉含有维生素C、E等，蛋白质的含量比例较高，种类多，而且消化率高，很容易被人体吸收利用 ，有增强体力、强壮身体的作用哦~[爱你]
1	绽放的好[嘻嘻] //@莪狠想乖A:我那个我就厚脸皮了一下，叫双莓绽放
1	晚安。今天貌似有点在刷屏。不过状态找回来的感觉真爽。。[哈哈] [鼓掌]
1	[鼓掌]//@沈涛:其实我们并不需要太作秀的爱情，两人之间不用太腻，正常就好；脸面不要太薄，有所顾忌就好；脸皮不要太厚，对方懂得就好；礼物不用太重，用心就好；遇事不要太急，顾及对方就好。[哈哈][哈哈]
1	你说说?怎么这么多优点呢?怪不好意思得真是！[哈哈]
1	[鲜花][鲜花][鲜花][鲜花][鲜花][鲜花][鲜花]//@克瑞思Chris:[鼓掌][鼓掌][鼓掌]@三摩地帮主  //@三摩地素食:感谢“三摩地素食”“东方美芳香SPA"的所有员工们，你们才是最美丽的，把你们的美带给每一位顾客。
1	[哈哈] //@哈戳戳:[哈哈][哈哈][哈哈][鼓掌][鼓掌][鼓掌]
1	现在的观众好热情啊[哈哈][哈哈][哈哈][哈哈][哈哈][哈哈]
1	//@东珍纳兰文化传播中心: 何止印度[哈哈] //@中国民间女性影展:看着心里酸酸的，因为我们知道这样的孩子还有很多很多......
1	@stella的哈哈岁月 [嘻嘻]//@英国最热门: 学习贴[good]
1	上周末?的比较红的发色，洗发时水都变成浅玫红色往下流，陶看到了，说：“妈妈，我感觉你头发流的水象融化的草莓冰淇淋。”今儿一去震晕不少人，是有点儿红了，但坚决不再?，就一红到底吧[哈哈]
1	不错啊[哈哈] //@金猪梅子: @暖海豚 @小白菟白呦白 看着不错啊！
1	亲爱的的帅哥美女们情人节快乐啊！祝成双成对的人有情人终成眷属，单着的早日找到你们的另一半！谢谢所有爱我和我爱的人陪我走过的春夏秋冬！有大家在我很幸福！也祝我潜伏的另一半情人节快乐！[哈哈][哈哈][哈哈][太开心][太开心][太开心][酷][酷][酷][鼓掌][鼓掌][鼓掌][花心][花心][花心][抱抱]
1	[鼓掌][鼓掌][鼓掌]//@游走的胖纸: 回复@Calvin_Zhu的Style:回来给你看。摆的一米[偷笑] //@Calvin_Zhu的Style:跪求 @木?是式 生日快乐歌视频！[偷笑]
1	[心][心][心] //@大连兜兜:我爱大连我爱你！我们会继续每周六走起的[嘻嘻][嘻嘻][嘻嘻]
1	[给力] //@无锡金陵大饭店: 喜欢就行动起来吧[嘻嘻]
1	活得单纯才有幸福感。[爱你]
1	大厨很给力~！哈哈哈?~   真没什么不能播的，但是千呼万唤始出来 真在说明压轴啊有木有~！！！[嘻嘻]
1	[可爱]//@i远风:[哈哈]真乐//@天每羊: 笑抽了，太形象了，我有时也这么干，唉！//@Nicolai熊猫: 紧紧笑色！！
1	//@牛尔:[哈哈] 午饭差点喷出来！
1	#Dusit Thani Maldives#[太开心]原来都喜天阙马尔代夫度假村晚上还有露天电影看[鼓掌][鼓掌][鼓掌]
1	老妈子酿的葡萄酒[哈哈][哈哈][哈哈][哈哈]想喝吗？
1	貌似很好吃 //@海燕shirley:看着味道不错呦[鼓掌]
1	下午茶啦~~~甜控们坐不住啦！~~~@北京香格里拉 法国名厨Yannick Alleno旗下的S.T.A.Y思餐厅出品！焦糖的面包球配上鲜奶油，好美味哦[鼓掌] @叶沁Catherine
1	#免费去远方?躺着看桂林# day8。结束全部行程，到达桂林两江机场候机回京!感谢@桂林懒猫青年旅社 的周全安排，本宫表示很满意，故允准你盘据此地发扬光大!本宫一年后再微服私访![嘻嘻][哈哈]  @小莫在远方 @远方网 @远方网客栈联盟
1	至今仍在回味赛道上的感觉 //@只想到底: //@沙桐:跟你们在一起很开心～[爱你]@MistaB 何时招呼鸿仓 @白小免 @路易贾 @关文晶 @ramp_牙签Stanl @吴坤-汽车旅行杂志 @时尚先生史强 @SNIPER韩栋 @FFF-AUTOMOBILE @汪小匪 @Daniel范孝丹
1	现在就干一件事?祈祷中奖[哈哈][哈哈][哈哈]
1	童年虽然已经渐渐远去，但内心深入的童心却未曾泯灭。结合了儿时最喜爱娱乐-汤秋千与梦幻浪漫瀑布的创意秋天，你心动了么？[可爱] 祝大家每天都有好心情！
1	回复@凌小豆-不靠谱先生的很资格太太:是滴，在清河中街五彩城购物中心东区5层L566号。2月28日前，该店会员任意消费即享王牌烤鸭半价优惠，再享10%积分返还，新开卡粉丝还可获赠41元下午茶套餐券……欢迎走起[鼓掌] //@凌小豆-不靠谱先生的很资格太太:在清河？
1	如果世界还未末日，就来#华懋阁#跟心爱的他／她共度浪漫平安夜吧[爱你]
1	完全可以！！[鼓掌][鼓掌][good][good]，下次我一定要过去发呆，没有呆制造呆也要发[酷] //@王_淞:可以发呆@韦道甫 @一罐波仔 @阿霞Z @风一样的光明之子 @焦女人 @Hommi熊 @一瓶牛仔 @ENT-恩涛
1	自始至终我都认为轮奸罪是成立的，只是下面判决书的内容出来前后对被害人是只想坐台还是有可能默许卖淫倾向性有变化。所以我不太明白陈有西凭什么认为被告无罪，另外认为被告律师辩护策略有问题不代表同情被告。这都搞不清活该被我钓出来啊[嘻嘻]
1	倒计时还有四个半小时！你准备好了吗？[鼓掌]http://t.cn/zQ769ZX
1	说清楚，到底谁派你们来的[哈哈]
1	我在#家#，给5分评价。据说有家餐厅叫“家”，好吧，今天胃也到了这家“餐厅”，?～～老妈炖鱼，我烧虾，和老爷子喝口儿白的。今天算补过中秋和十一啦[太开心]~http://t.cn/zlSoMqX（来自@微美食客户端）
1	[哈哈]以后就说我在体验，看看网页是不是兼容…//@假装是东坡
1	泱泱一大国，免签才这几个国家！去哪儿呢？ //@创意铺子:下次有时间，收拾好就出发，不用签证多方便！[嘻嘻]
1	刚到公司就收到礼物，开心的[嘻嘻]
1	回复@贰到无限:心中要有花 //@贰到无限:乱了，对谁都没好处[握手] //@贰到无限:现今的中国，负能量的好处在于能引起改变，正能量则是维持。都不错，谁也别说谁。[嘻嘻]
1	回复@扣扣莎:非常的！[鼓掌] //@扣扣莎:[鼓掌]单板滑雪！牛[good]
1	[哈哈]欢迎品尝金宝汤//@袁浩博Jeffrey:#安迪?沃霍尔:十五分钟的永恒#嗯，这两个妞儿都是喝@Campbells金宝汤 长大的，据说安迪沃霍尔也是喝这汤长大的。
1	晚安 美女[爱你]
1	[哈哈][思考] 刘表和刘备都是“仁人”也，所谓仁人，就是老实人，所谓老实人，就是尚未获得绝对控制权的人。只要一获得绝对控制权，那一定是：残暴的像董卓，儒雅的像袁绍，精明的像曹操。仅仅只是性格不同，其本质都是一样的。
1	顶起顶起！[哈哈][爱你]@艾尼克斯丶 @嘉宝小茉莉 @kathy_向日葵
1	感谢对我们的点评，欢迎常来做客哦~[鼓掌]
1	瞎玩儿~都是，今天非常感谢捧场【嗜血的皇冠】[爱你]
1	有快20年没有吃过烤玉米了，黑色加金黄色，色泽真让人有食欲。想进行面部美容的MM可以多来两根，面部肌肉活动剧烈啊[嘻嘻]
1	哈哈，周二鸭子师傅休息[嘻嘻] //@大连王小欠儿:[花心][花心][花心]@马剑是谁 亲自上阵啦[鼓掌][鼓掌]@D大连小狼人 我要吃烤鸭[可怜]
1	回复@Rica-美食情报员:刚收到，谢谢 //@Rica-美食情报员:我这边没寄，我和Sandy联系一下，看谁寄过去比较方便。 //@蚝爷:[哈哈]
1	[心]//@yy小熊_fish: [爱你]见一次 转一次!@奔跑的蜗牛y @Kris灬王毅
1	周末了，心情好，露个脸，有没有比在上海的办公桌收拾的不乱点？[嘻嘻][可爱][偷笑][哈哈]@风系云端 @失忆心 @米佳佳Penny
1	哈哈 这孩子有才//@郭昕-云华时代: 有想象力[哈哈][哈哈][哈哈]//@财经网:真是这熊孩纸[怒]......看这个又忍不住不务正业滴转发了，这不务正业滴毛病他就改不了，咋办[?][哈哈]
1	被发现了没？大家的反应在知道的一刹那非常好玩，我每次都偷乐[偷笑] //@Mars任鑫:回复@杨阳好多: [偷笑] 是啊，就这个号码比较搞笑?? 我们域名还叫做hotelvp.com（hotel very 便宜）呢？哈哈。就看有多少细心的用户能发现，hoho[嘻嘻] //@杨阳好多:回复@Mars任鑫:故意选的51419？
1	[哈哈] //@电影风云榜:仅供娱乐，如有雷同均属巧合。。。
1	皇冠赛道[威武][嘻嘻]
1	各有千秋[嘻嘻]
1	本菇凉和新华社资深记者陈海宁老师最早抵达广州，南方卫视滴两位靓仔小皮，小钟，热情滴迎接我们滴到来。时隔一年，相同座位，老友相聚，开心哦～还没有到滴博友～等你们哦～[爱你]
1	回复@好人老周:[汗]想减个肥种么就这么难呢[哈哈] //@好人老周:要减肥，须降职[抓狂] //@有福社长:广大有福社员们2013都增福增得肥嘟嘟的，俺得继续继续减减，可叹2012没减几斤 //@好人老周: 回复@有福社长: 新的一年，必须增幅增肥[耶] //@有福社长:回复@好人老周:[鼓掌]快乐如风
1	新年快乐！鞭炮阵阵，空气里硝烟弥漫啊！[鼓掌]
1	#中国梦想秀#第七季第一期结束喽，感谢小伙伴们一如既往的支持，感谢我们追梦人和梦想嘉宾梁家辉和邓亚萍老师，也感谢梦想大使@周立波 波波老师和主持人@亚丽-yali 和@陈欢 ，我们下一期同一时间不见不散喔！！！[亲亲]小伙伴们晚安！
1	[抱抱]@陈莉莉wakeboard @-陈琳琳- @陈梅钦Melissa @陈梦梵_Fanny @陈梦婴爱陈章
1	@懒人业余餐厅厦门店 [哈哈] //@achilles116:@懒人业余餐厅 厦门店
1	“Kim” for Kim！[偷笑] //@徐濠?:[哈哈][哈哈]很好看！[赞][赞][赞]
1	来个喜人的影子。我一写稿没人跟它玩它就睡了。然后又被楼上装修电钻声吓醒暴跳如雷的大喊：whats the fuck!要淡定才行。尽管我稿子都被吵的写不下去了，我还是很淡定。[哈哈]
